index,position_x,position_y,position_z,cablelength(M),BulbCables,BulbZ,lineID,bulbonline,Universe
0,4.690,-21.176,9.323,2.909,2.909,-9.323,0,0,2
1,4.625,-20.873,9.195,2.375,2.375,-9.195,0,1,2
2,4.561,-20.570,9.067,1.827,1.827,-9.067,0,2,2
3,4.496,-20.267,8.944,1.338,1.338,-8.944,0,3,2
4,4.432,-19.963,8.824,1.096,1.096,-8.824,0,4,2
5,4.368,-19.660,8.704,1.022,1.022,-8.704,0,5,2
6,4.303,-19.357,8.590,1.087,1.087,-8.590,0,6,2
7,4.239,-19.054,8.486,1.277,1.277,-8.486,0,7,2
8,4.174,-18.751,8.381,1.644,1.644,-8.381,0,8,2
9,4.110,-18.447,8.284,1.960,1.960,-8.284,0,9,2
10,4.045,-18.144,8.205,2.160,2.160,-8.205,0,10,2
11,3.981,-17.841,8.124,2.074,2.074,-8.124,0,11,2
12,3.916,-17.538,8.049,1.843,1.843,-8.049,0,12,2
13,3.852,-17.234,8.003,1.560,1.560,-8.003,0,13,2
14,3.787,-16.931,7.958,1.305,1.305,-7.958,0,14,2
15,3.723,-16.628,7.912,1.156,1.156,-7.912,0,15,2
16,3.659,-16.325,7.905,1.073,1.073,-7.905,0,16,1
17,3.594,-16.022,7.905,0.879,0.879,-7.905,0,17,1
18,3.530,-15.718,7.904,0.647,0.647,-7.904,0,18,1
19,3.465,-15.415,7.928,0.461,0.461,-7.928,0,19,1
20,3.401,-15.112,7.972,0.334,0.334,-7.972,0,20,1
21,3.336,-14.809,8.017,0.295,0.295,-8.017,0,21,1
22,3.272,-14.505,8.072,0.322,0.322,-8.072,0,22,1
23,3.207,-14.202,8.151,0.425,0.425,-8.151,0,23,1
24,3.143,-13.899,8.231,0.578,0.578,-8.231,0,24,1
25,3.079,-13.596,8.314,0.775,0.775,-8.314,0,25,1
26,3.014,-13.292,8.420,1.041,1.041,-8.420,0,26,1
27,2.950,-12.989,8.526,1.344,1.344,-8.526,0,27,1
28,2.885,-12.686,8.632,1.676,1.676,-8.632,0,28,1
29,2.821,-12.383,8.754,2.046,2.046,-8.754,0,29,1
30,2.756,-12.080,8.877,2.405,2.405,-8.877,0,30,1
31,2.692,-11.776,9.000,2.745,2.745,-9.000,0,31,1
32,2.627,-11.473,9.129,3.074,3.074,-9.129,0,32,1
33,2.563,-11.170,9.260,3.371,3.371,-9.260,0,33,1
34,5.112,-20.998,9.260,2.686,2.686,-9.260,1,0,2
35,5.048,-20.695,9.133,2.222,2.222,-9.133,1,1,2
36,4.983,-20.392,9.005,1.799,1.799,-9.005,1,2,2
37,4.919,-20.089,8.887,1.440,1.440,-8.887,1,3,2
38,4.854,-19.785,8.766,1.316,1.316,-8.766,1,4,2
39,4.790,-19.482,8.646,1.412,1.412,-8.646,1,5,2
40,4.725,-19.179,8.541,1.573,1.573,-8.541,1,6,2
41,4.661,-18.876,8.437,1.798,1.798,-8.437,1,7,2
42,4.596,-18.573,8.333,2.131,2.131,-8.333,1,8,2
43,4.532,-18.269,8.248,2.302,2.302,-8.248,1,9,2
44,4.468,-17.966,8.168,2.276,2.276,-8.168,1,10,2
45,4.403,-17.663,8.089,2.115,2.115,-8.089,1,11,2
46,4.339,-17.360,8.029,1.865,1.865,-8.029,1,12,2
47,4.274,-17.056,7.984,1.536,1.536,-7.984,1,13,2
48,4.210,-16.753,7.938,1.301,1.301,-7.938,1,14,2
49,4.145,-16.450,7.906,1.162,1.162,-7.906,1,15,2
50,4.081,-16.147,7.905,1.065,1.065,-7.905,1,16,1
51,4.016,-15.843,7.904,0.849,0.849,-7.904,1,17,1
52,3.952,-15.540,7.903,0.579,0.579,-7.903,1,18,1
53,3.887,-15.237,7.946,0.409,0.409,-7.946,1,19,1
54,3.823,-14.934,7.991,0.294,0.294,-7.991,1,20,1
55,3.759,-14.631,8.035,0.252,0.252,-8.035,1,21,1
56,3.694,-14.327,8.104,0.304,0.304,-8.104,1,22,1
57,3.630,-14.024,8.184,0.433,0.433,-8.184,1,23,1
58,3.565,-13.721,8.264,0.580,0.580,-8.264,1,24,1
59,3.501,-13.418,8.356,0.775,0.775,-8.356,1,25,1
60,3.436,-13.114,8.462,1.044,1.044,-8.462,1,26,1
61,3.372,-12.811,8.567,1.361,1.361,-8.567,1,27,1
62,3.307,-12.508,8.679,1.708,1.708,-8.679,1,28,1
63,3.243,-12.205,8.801,2.083,2.083,-8.801,1,29,1
64,3.178,-11.902,8.924,2.455,2.455,-8.924,1,30,1
65,3.114,-11.598,9.048,2.787,2.787,-9.048,1,31,1
66,3.050,-11.295,9.179,3.163,3.163,-9.179,1,32,1
67,2.985,-10.992,9.309,3.447,3.447,-9.309,1,33,1
68,5.599,-21.123,9.324,2.824,2.824,-9.324,2,0,2
69,5.534,-20.820,9.197,2.477,2.477,-9.197,2,1,2
70,5.470,-20.517,9.070,2.115,2.115,-9.070,2,2,2
71,5.405,-20.213,8.948,1.773,1.773,-8.948,2,3,2
72,5.341,-19.910,8.829,1.620,1.620,-8.829,2,4,2
73,5.276,-19.607,8.710,1.601,1.601,-8.710,2,5,2
74,5.212,-19.304,8.596,1.734,1.734,-8.596,2,6,2
75,5.147,-19.000,8.493,1.981,1.981,-8.493,2,7,2
76,5.083,-18.697,8.389,2.223,2.223,-8.389,2,8,2
77,5.019,-18.394,8.291,2.370,2.370,-8.291,2,9,2
78,4.954,-18.091,8.212,2.419,2.419,-8.212,2,10,2
79,4.890,-17.788,8.133,2.326,2.326,-8.133,2,11,2
80,4.825,-17.484,8.054,2.102,2.102,-8.054,2,12,2
81,4.761,-17.181,8.009,1.812,1.812,-8.009,2,13,2
82,4.696,-16.878,7.964,1.532,1.532,-7.964,2,14,2
83,4.632,-16.575,7.919,1.311,1.311,-7.919,2,15,2
84,4.567,-16.271,7.905,1.198,1.198,-7.905,2,16,2
85,4.503,-15.968,7.905,1.080,1.080,-7.905,2,17,1
86,4.438,-15.665,7.904,0.860,0.860,-7.904,2,18,1
87,4.374,-15.362,7.921,0.611,0.611,-7.921,2,19,1
88,4.310,-15.059,7.965,0.422,0.422,-7.965,2,20,1
89,4.245,-14.755,8.008,0.270,0.270,-8.008,2,21,1
90,4.181,-14.452,8.057,0.190,0.190,-8.057,2,22,1
91,4.116,-14.149,8.136,0.247,0.247,-8.136,2,23,1
92,4.052,-13.846,8.215,0.350,0.350,-8.215,2,24,1
93,3.987,-13.542,8.295,0.446,0.446,-8.295,2,25,1
94,3.923,-13.239,8.397,0.646,0.646,-8.397,2,26,1
95,3.858,-12.936,8.502,0.921,0.921,-8.502,2,27,1
96,3.794,-12.633,8.607,1.223,1.223,-8.607,2,28,1
97,3.729,-12.330,8.725,1.558,1.558,-8.725,2,29,1
98,3.665,-12.026,8.846,1.895,1.895,-8.846,2,30,1
99,3.601,-11.723,8.968,2.272,2.272,-8.968,2,31,1
100,3.536,-11.420,9.095,2.674,2.674,-9.095,2,32,1
101,3.472,-11.117,9.225,3.034,3.034,-9.225,2,33,1
102,6.021,-20.944,9.261,2.556,2.556,-9.261,3,0,2
103,5.956,-20.641,9.136,2.264,2.264,-9.136,3,1,2
104,5.892,-20.337,9.009,1.973,1.973,-9.009,3,2,2
105,5.827,-20.034,8.891,1.786,1.786,-8.891,3,3,2
106,5.763,-19.731,8.772,1.748,1.748,-8.772,3,4,2
107,5.698,-19.428,8.653,1.861,1.861,-8.653,3,5,2
108,5.634,-19.125,8.548,2.066,2.066,-8.548,3,6,2
109,5.569,-18.821,8.444,2.265,2.265,-8.444,3,7,2
110,5.505,-18.518,8.341,2.426,2.426,-8.341,3,8,2
111,5.441,-18.215,8.255,2.493,2.493,-8.255,3,9,2
112,5.376,-17.912,8.176,2.406,2.406,-8.176,3,10,2
113,5.312,-17.608,8.097,2.234,2.234,-8.097,3,11,2
114,5.247,-17.305,8.034,1.994,1.994,-8.034,3,12,2
115,5.183,-17.002,7.989,1.746,1.746,-7.989,3,13,2
116,5.118,-16.699,7.944,1.508,1.508,-7.944,3,14,2
117,5.054,-16.395,7.906,1.275,1.275,-7.906,3,15,2
118,4.989,-16.092,7.905,1.119,1.119,-7.905,3,16,1
119,4.925,-15.789,7.904,1.007,1.007,-7.904,3,17,1
120,4.860,-15.486,7.903,0.819,0.819,-7.903,3,18,1
121,4.796,-15.183,7.939,0.689,0.689,-7.939,3,19,1
122,4.732,-14.879,7.983,0.516,0.516,-7.983,3,20,1
123,4.667,-14.576,8.026,0.341,0.341,-8.026,3,21,1
124,4.603,-14.273,8.088,0.249,0.249,-8.088,3,22,1
125,4.538,-13.970,8.167,0.303,0.303,-8.167,3,23,1
126,4.474,-13.666,8.246,0.444,0.444,-8.246,3,24,1
127,4.409,-13.363,8.333,0.552,0.552,-8.333,3,25,1
128,4.345,-13.060,8.437,0.741,0.741,-8.437,3,26,1
129,4.280,-12.757,8.542,0.977,0.977,-8.542,3,27,1
130,4.216,-12.454,8.649,1.202,1.202,-8.649,3,28,1
131,4.151,-12.150,8.770,1.463,1.463,-8.770,3,29,1
132,4.087,-11.847,8.892,1.720,1.720,-8.892,3,30,1
133,4.023,-11.544,9.013,2.011,2.011,-9.013,3,31,1
134,3.958,-11.241,9.143,2.396,2.396,-9.143,3,32,1
135,3.894,-10.937,9.272,2.756,2.756,-9.272,3,33,1
136,6.249,-19.854,8.833,1.719,1.719,-8.833,4,4,2
137,6.184,-19.550,8.715,1.864,1.864,-8.715,4,5,2
138,6.120,-19.247,8.602,2.084,2.084,-8.602,4,6,2
139,6.056,-18.944,8.500,2.331,2.331,-8.500,4,7,2
140,5.991,-18.641,8.397,2.506,2.506,-8.397,4,8,2
141,5.927,-18.338,8.298,2.534,2.534,-8.298,4,9,2
142,5.862,-18.034,8.219,2.482,2.482,-8.219,4,10,2
143,5.798,-17.731,8.141,2.351,2.351,-8.141,4,11,2
144,5.733,-17.428,8.062,2.135,2.135,-8.062,4,12,2
145,5.669,-17.125,8.014,1.831,1.831,-8.014,4,13,2
146,5.604,-16.821,7.969,1.514,1.514,-7.969,4,14,2
147,5.540,-16.518,7.925,1.218,1.218,-7.925,4,15,2
148,5.475,-16.215,7.906,1.010,1.010,-7.906,4,16,2
149,5.411,-15.912,7.905,0.876,0.876,-7.905,4,17,1
150,5.347,-15.609,7.904,0.804,0.804,-7.904,4,18,1
151,5.282,-15.305,7.914,0.729,0.729,-7.914,4,19,1
152,5.218,-15.002,7.957,0.653,0.653,-7.957,4,20,1
153,5.153,-14.699,8.000,0.525,0.525,-8.000,4,21,1
154,5.089,-14.396,8.044,0.347,0.347,-8.044,4,22,1
155,5.024,-14.092,8.120,0.461,0.461,-8.120,4,23,1
156,4.960,-13.789,8.198,0.641,0.641,-8.198,4,24,1
157,4.895,-13.486,8.277,0.859,0.859,-8.277,4,25,1
158,4.831,-13.183,8.373,1.012,1.012,-8.373,4,26,1
159,4.766,-12.879,8.477,1.130,1.130,-8.477,4,27,1
160,4.702,-12.576,8.582,1.240,1.240,-8.582,4,28,1
161,4.638,-12.273,8.694,1.388,1.388,-8.694,4,29,1
162,4.573,-11.970,8.815,1.563,1.563,-8.815,4,30,1
163,4.509,-11.667,8.936,1.756,1.756,-8.936,4,31,1
164,4.444,-11.363,9.060,2.050,2.050,-9.060,4,32,1
165,4.380,-11.060,9.189,2.340,2.340,-9.189,4,33,1
166,6.605,-19.362,8.660,1.875,1.875,-8.660,5,5,2
167,6.540,-19.059,8.555,2.187,2.187,-8.555,5,6,2
168,6.476,-18.756,8.452,2.395,2.395,-8.452,5,7,2
169,6.411,-18.453,8.348,2.491,2.491,-8.348,5,8,2
170,6.347,-18.149,8.261,2.492,2.492,-8.261,5,9,2
171,6.282,-17.846,8.182,2.418,2.418,-8.182,5,10,2
172,6.218,-17.543,8.104,2.255,2.255,-8.104,5,11,2
173,6.153,-17.240,8.038,2.004,2.004,-8.038,5,12,2
174,6.089,-16.937,7.993,1.678,1.678,-7.993,5,13,2
175,6.024,-16.633,7.949,1.319,1.319,-7.949,5,14,2
176,5.960,-16.330,7.906,0.955,0.955,-7.906,5,15,2
177,5.896,-16.027,7.905,0.759,0.759,-7.905,5,16,2
178,5.831,-15.724,7.904,0.656,0.656,-7.904,5,17,1
179,5.767,-15.420,7.903,0.595,0.595,-7.903,5,18,1
180,5.702,-15.117,7.932,0.567,0.567,-7.932,5,19,1
181,5.638,-14.814,7.975,0.464,0.464,-7.975,5,20,1
182,5.573,-14.511,8.019,0.340,0.340,-8.019,5,21,1
183,5.509,-14.208,8.075,0.356,0.356,-8.075,5,22,1
184,5.444,-13.904,8.153,0.617,0.617,-8.153,5,23,1
185,5.380,-13.601,8.231,0.929,0.929,-8.231,5,24,1
186,5.315,-13.298,8.312,1.142,1.142,-8.312,5,25,1
187,5.251,-12.995,8.416,1.350,1.350,-8.416,5,26,1
188,5.187,-12.691,8.520,1.462,1.462,-8.520,5,27,1
189,5.122,-12.388,8.624,1.555,1.555,-8.624,5,28,1
190,5.058,-12.085,8.742,1.700,1.700,-8.742,5,29,1
191,4.993,-11.782,8.863,1.878,1.878,-8.863,5,30,1
192,4.929,-11.478,8.983,2.134,2.134,-8.983,5,31,1
193,4.864,-11.175,9.110,2.441,2.441,-9.110,5,32,1
194,4.800,-10.872,9.238,2.680,2.680,-9.238,5,33,1
195,7.077,-19.422,8.704,1.583,1.583,-8.704,6,5,2
196,7.013,-19.119,8.594,1.913,1.913,-8.594,6,6,2
197,6.948,-18.816,8.492,2.197,2.197,-8.492,6,7,2
198,6.884,-18.513,8.389,2.372,2.372,-8.389,6,8,2
199,6.820,-18.209,8.293,2.420,2.420,-8.293,6,9,2
200,6.755,-17.906,8.214,2.380,2.380,-8.214,6,10,2
201,6.691,-17.603,8.135,2.264,2.264,-8.135,6,11,2
202,6.626,-17.300,8.057,2.052,2.052,-8.057,6,12,2
203,6.562,-16.997,8.011,1.785,1.785,-8.011,6,13,2
204,6.497,-16.693,7.966,1.434,1.434,-7.966,6,14,2
205,6.433,-16.390,7.921,1.035,1.035,-7.921,6,15,2
206,6.368,-16.087,7.905,0.729,0.729,-7.905,6,16,2
207,6.304,-15.784,7.904,0.527,0.527,-7.904,6,17,1
208,6.239,-15.480,7.904,0.425,0.425,-7.904,6,18,1
209,6.175,-15.177,7.916,0.369,0.369,-7.916,6,19,1
210,6.111,-14.874,7.959,0.305,0.305,-7.959,6,20,1
211,6.046,-14.571,8.002,0.222,0.222,-8.002,6,21,1
212,5.982,-14.267,8.045,0.153,0.153,-8.045,6,22,1
213,5.917,-13.964,8.122,0.409,0.409,-8.122,6,23,1
214,5.853,-13.661,8.199,0.750,0.750,-8.199,6,24,1
215,5.788,-13.358,8.277,1.082,1.082,-8.277,6,25,1
216,5.724,-13.055,8.373,1.413,1.413,-8.373,6,26,1
217,5.659,-12.751,8.476,1.746,1.746,-8.476,6,27,1
218,5.595,-12.448,8.579,1.980,1.980,-8.579,6,28,1
219,5.530,-12.145,8.691,2.083,2.083,-8.691,6,29,1
220,5.466,-11.842,8.811,2.121,2.121,-8.811,6,30,1
221,5.402,-11.538,8.931,2.225,2.225,-8.931,6,31,1
222,5.337,-11.235,9.054,2.476,2.476,-9.054,6,32,1
223,5.273,-10.932,9.181,2.776,2.776,-9.181,6,33,1
224,7.484,-19.169,8.643,1.443,1.443,-8.643,7,5,2
225,7.419,-18.866,8.539,1.749,1.749,-8.539,7,6,2
226,7.355,-18.562,8.434,2.012,2.012,-8.434,7,7,2
227,7.290,-18.259,8.330,2.133,2.133,-8.330,7,8,2
228,7.226,-17.956,8.247,2.185,2.185,-8.247,7,9,2
229,7.161,-17.653,8.166,2.152,2.152,-8.166,7,10,2
230,7.097,-17.350,8.086,2.018,2.018,-8.086,7,11,2
231,7.032,-17.046,8.030,1.781,1.781,-8.030,7,12,2
232,6.968,-16.743,7.984,1.451,1.451,-7.984,7,13,2
233,6.903,-16.440,7.939,1.071,1.071,-7.939,7,14,2
234,6.839,-16.137,7.907,0.707,0.707,-7.907,7,15,2
235,6.775,-15.833,7.905,0.432,0.432,-7.905,7,16,2
236,6.710,-15.530,7.903,0.296,0.296,-7.903,7,17,1
237,6.646,-15.227,7.902,0.215,0.215,-7.902,7,18,1
238,6.581,-14.924,7.941,0.157,0.157,-7.941,7,19,1
239,6.517,-14.621,7.983,0.096,0.096,-7.983,7,20,1
240,6.452,-14.317,8.026,0.059,0.059,-8.026,7,21,1
241,6.388,-14.014,8.090,0.228,0.228,-8.090,7,22,1
242,6.323,-13.711,8.167,0.497,0.497,-8.167,7,23,1
243,6.259,-13.408,8.245,0.858,0.858,-8.245,7,24,1
244,6.194,-13.104,8.331,1.274,1.274,-8.331,7,25,1
245,6.130,-12.801,8.434,1.811,1.811,-8.434,7,26,1
246,6.066,-12.498,8.538,2.145,2.145,-8.538,7,27,1
247,6.001,-12.195,8.643,2.324,2.324,-8.643,7,28,1
248,5.937,-11.891,8.762,2.371,2.371,-8.762,7,29,1
249,5.872,-11.588,8.882,2.305,2.305,-8.882,7,30,1
250,5.808,-11.285,9.002,2.397,2.397,-9.002,7,31,1
251,5.743,-10.982,9.129,2.660,2.660,-9.129,7,32,1
252,5.679,-10.679,9.257,2.936,2.936,-9.257,7,33,1
253,8.276,-20.732,9.323,0.589,0.589,-9.323,8,0,2
254,8.211,-20.429,9.195,0.687,0.687,-9.195,8,1,2
255,8.147,-20.126,9.067,0.735,0.735,-9.067,8,2,2
256,8.083,-19.823,8.944,0.767,0.767,-8.944,8,3,2
257,8.018,-19.519,8.824,0.830,0.830,-8.824,8,4,2
258,7.954,-19.216,8.703,0.948,0.948,-8.703,8,5,2
259,7.889,-18.913,8.591,1.150,1.150,-8.591,8,6,2
260,7.825,-18.610,8.486,1.418,1.418,-8.486,8,7,2
261,7.760,-18.307,8.382,1.594,1.594,-8.382,8,8,2
262,7.696,-18.003,8.287,1.714,1.714,-8.287,8,9,2
263,7.631,-17.700,8.207,1.771,1.771,-8.207,8,10,2
264,7.567,-17.397,8.127,1.736,1.736,-8.127,8,11,2
265,7.502,-17.094,8.053,1.561,1.561,-8.053,8,12,2
266,7.438,-16.790,8.006,1.300,1.300,-8.006,8,13,2
267,7.374,-16.487,7.960,0.988,0.988,-7.960,8,14,2
268,7.309,-16.184,7.914,0.675,0.675,-7.914,8,15,2
269,7.245,-15.881,7.907,0.419,0.419,-7.907,8,16,2
270,7.180,-15.578,7.904,0.305,0.305,-7.904,8,17,1
271,7.116,-15.274,7.902,0.199,0.199,-7.902,8,18,1
272,7.051,-14.971,7.924,0.125,0.125,-7.924,8,19,1
273,6.987,-14.668,7.966,0.063,0.063,-7.966,8,20,1
274,6.922,-14.365,8.008,0.020,0.020,-8.008,8,21,1
275,6.858,-14.061,8.058,0.079,0.079,-8.058,8,22,1
276,6.793,-13.758,8.135,0.269,0.269,-8.135,8,23,1
277,6.729,-13.455,8.212,0.564,0.564,-8.212,8,24,1
278,6.665,-13.152,8.290,0.959,0.959,-8.290,8,25,1
279,6.600,-12.849,8.391,1.534,1.534,-8.391,8,26,1
280,6.536,-12.545,8.494,1.942,1.942,-8.494,8,27,1
281,6.471,-12.242,8.597,2.183,2.183,-8.597,8,28,1
282,8.681,-20.475,9.259,0.427,0.427,-9.259,9,0,2
283,8.617,-20.171,9.132,0.479,0.479,-9.132,9,1,2
284,8.552,-19.868,9.005,0.505,0.505,-9.005,9,2,2
285,8.488,-19.565,8.885,0.529,0.529,-8.885,9,3,2
286,8.423,-19.262,8.765,0.575,0.575,-8.765,9,4,2
287,8.359,-18.959,8.645,0.666,0.666,-8.645,9,5,2
288,8.294,-18.655,8.541,0.817,0.817,-8.541,9,6,2
289,8.230,-18.352,8.436,0.977,0.977,-8.436,9,7,2
290,8.166,-18.049,8.331,1.118,1.118,-8.331,9,8,2
291,8.101,-17.746,8.248,1.224,1.224,-8.248,9,9,2
292,8.037,-17.442,8.168,1.262,1.262,-8.168,9,10,2
293,7.972,-17.139,8.087,1.147,1.147,-8.087,9,11,2
294,7.908,-16.836,8.030,0.987,0.987,-8.030,9,12,2
295,7.843,-16.533,7.984,0.775,0.775,-7.984,9,13,2
296,7.779,-16.229,7.937,0.586,0.586,-7.937,9,14,2
297,7.714,-15.926,7.908,0.488,0.488,-7.908,9,15,2
298,7.650,-15.623,7.905,0.433,0.433,-7.905,9,16,2
299,7.585,-15.320,7.902,0.345,0.345,-7.902,9,17,1
300,7.521,-15.017,7.903,0.231,0.231,-7.903,9,18,1
301,7.457,-14.713,7.945,0.136,0.136,-7.945,9,19,1
302,7.392,-14.410,7.986,0.052,0.052,-7.986,9,20,1
303,7.328,-14.107,8.028,0.024,0.024,-8.028,9,21,1
304,7.263,-13.804,8.097,0.105,0.105,-8.097,9,22,1
305,7.199,-13.500,8.174,0.289,0.289,-8.174,9,23,1
306,7.134,-13.197,8.251,0.549,0.549,-8.251,9,24,1
307,7.070,-12.894,8.341,0.880,0.880,-8.341,9,25,1
308,7.005,-12.591,8.445,1.269,1.269,-8.445,9,26,1
309,6.941,-12.288,8.548,1.616,1.616,-8.548,9,27,1
310,6.876,-11.984,8.656,1.838,1.838,-8.656,9,28,1
311,9.151,-20.519,9.323,0.264,0.264,-9.323,10,0,2
312,9.086,-20.216,9.196,0.303,0.303,-9.196,10,1,2
313,9.022,-19.913,9.069,0.315,0.315,-9.069,10,2,2
314,8.957,-19.609,8.946,0.326,0.326,-8.946,10,3,2
315,8.893,-19.306,8.826,0.335,0.335,-8.826,10,4,2
316,8.828,-19.003,8.706,0.359,0.359,-8.706,10,5,2
317,8.764,-18.700,8.594,0.413,0.413,-8.594,10,6,2
318,8.699,-18.396,8.490,0.489,0.489,-8.490,10,7,2
319,8.635,-18.093,8.386,0.581,0.581,-8.386,10,8,2
320,8.571,-17.790,8.290,0.690,0.690,-8.290,10,9,2
321,8.506,-17.487,8.210,0.756,0.756,-8.210,10,10,2
322,8.442,-17.183,8.130,0.714,0.714,-8.130,10,11,2
323,8.377,-16.880,8.055,0.688,0.688,-8.055,10,12,2
324,8.313,-16.577,8.009,0.598,0.598,-8.009,10,13,2
325,8.248,-16.274,7.962,0.530,0.530,-7.962,10,14,2
326,8.184,-15.971,7.915,0.541,0.541,-7.915,10,15,2
327,8.119,-15.667,7.907,0.561,0.561,-7.907,10,16,2
328,8.055,-15.364,7.904,0.547,0.547,-7.904,10,17,1
329,7.990,-15.061,7.901,0.478,0.478,-7.901,10,18,1
330,7.926,-14.758,7.923,0.349,0.349,-7.923,10,19,1
331,7.862,-14.454,7.965,0.223,0.223,-7.965,10,20,1
332,7.797,-14.151,8.007,0.127,0.127,-8.007,10,21,1
333,7.733,-13.848,8.057,0.092,0.092,-8.057,10,22,1
334,7.668,-13.545,8.135,0.160,0.160,-8.135,10,23,1
335,7.604,-13.242,8.212,0.287,0.287,-8.212,10,24,1
336,7.539,-12.938,8.289,0.451,0.451,-8.289,10,25,1
337,7.475,-12.635,8.392,0.675,0.675,-8.392,10,26,1
338,7.410,-12.332,8.495,0.954,0.954,-8.495,10,27,1
339,7.346,-12.029,8.599,1.258,1.258,-8.599,10,28,1
340,9.555,-20.259,9.260,0.269,0.269,-9.260,11,0,2
341,9.491,-19.956,9.133,0.253,0.253,-9.133,11,1,2
342,9.427,-19.653,9.006,0.231,0.231,-9.006,11,2,2
343,9.362,-19.349,8.887,0.215,0.215,-8.887,11,3,2
344,9.298,-19.046,8.768,0.195,0.195,-8.768,11,4,2
345,9.233,-18.743,8.648,0.186,0.186,-8.648,11,5,2
346,9.169,-18.440,8.544,0.203,0.203,-8.544,11,6,2
347,9.104,-18.137,8.440,0.233,0.233,-8.440,11,7,2
348,9.040,-17.833,8.336,0.274,0.274,-8.336,11,8,2
349,8.975,-17.530,8.252,0.339,0.339,-8.252,11,9,2
350,8.911,-17.227,8.172,0.368,0.368,-8.172,11,10,2
351,8.846,-16.924,8.092,0.411,0.411,-8.092,11,11,2
352,8.782,-16.620,8.033,0.421,0.421,-8.033,11,12,2
353,8.718,-16.317,7.987,0.467,0.467,-7.987,11,13,2
354,8.653,-16.014,7.940,0.544,0.544,-7.940,11,14,2
355,8.589,-15.711,7.909,0.608,0.608,-7.909,11,15,2
356,8.524,-15.407,7.906,0.658,0.658,-7.906,11,16,2
357,8.460,-15.104,7.903,0.649,0.649,-7.903,11,17,1
358,8.395,-14.801,7.900,0.537,0.537,-7.900,11,18,1
359,8.331,-14.498,7.942,0.450,0.450,-7.942,11,19,1
360,8.266,-14.195,7.983,0.358,0.358,-7.983,11,20,1
361,8.202,-13.891,8.025,0.276,0.276,-8.025,11,21,1
362,8.137,-13.588,8.091,0.224,0.224,-8.091,11,22,1
363,8.073,-13.285,8.168,0.181,0.181,-8.168,11,23,1
364,8.009,-12.982,8.246,0.216,0.216,-8.246,11,24,1
365,7.944,-12.678,8.334,0.340,0.340,-8.334,11,25,1
366,7.880,-12.375,8.437,0.527,0.527,-8.437,11,26,1
367,7.815,-12.072,8.541,0.795,0.795,-8.541,11,27,1
368,7.751,-11.769,8.649,1.132,1.132,-8.649,11,28,1
369,7.686,-11.466,8.769,1.486,1.486,-8.769,11,29,1
370,7.622,-11.162,8.890,1.837,1.837,-8.890,11,30,1
371,10.025,-20.302,9.323,0.439,0.439,-9.323,12,0,2
372,9.960,-19.998,9.197,0.352,0.352,-9.197,12,1,2
373,9.896,-19.695,9.070,0.293,0.293,-9.070,12,2,2
374,9.831,-19.392,8.948,0.232,0.232,-8.948,12,3,2
375,9.767,-19.089,8.829,0.166,0.166,-8.829,12,4,2
376,9.702,-18.785,8.710,0.112,0.112,-8.710,12,5,2
377,9.638,-18.482,8.597,0.082,0.082,-8.597,12,6,2
378,9.573,-18.179,8.494,0.071,0.071,-8.494,12,7,2
379,9.509,-17.876,8.390,0.079,0.079,-8.390,12,8,2
380,9.444,-17.572,8.293,0.105,0.105,-8.293,12,9,2
381,9.380,-17.269,8.214,0.155,0.155,-8.214,12,10,2
382,9.316,-16.966,8.135,0.203,0.203,-8.135,12,11,2
383,9.251,-16.663,8.057,0.255,0.255,-8.057,12,12,2
384,9.187,-16.360,8.012,0.346,0.346,-8.012,12,13,2
385,9.122,-16.056,7.966,0.452,0.452,-7.966,12,14,2
386,9.058,-15.753,7.919,0.543,0.543,-7.919,12,15,2
387,8.993,-15.450,7.907,0.630,0.630,-7.907,12,16,2
388,8.929,-15.147,7.905,0.656,0.656,-7.905,12,17,1
389,8.864,-14.843,7.902,0.612,0.612,-7.902,12,18,1
390,8.800,-14.540,7.919,0.583,0.583,-7.919,12,19,1
391,8.735,-14.237,7.960,0.539,0.539,-7.960,12,20,1
392,8.671,-13.934,8.002,0.511,0.511,-8.002,12,21,1
393,8.607,-13.631,8.048,0.419,0.419,-8.048,12,22,1
394,8.542,-13.327,8.125,0.328,0.328,-8.125,12,23,1
395,8.478,-13.024,8.203,0.229,0.229,-8.203,12,24,1
396,8.413,-12.721,8.280,0.186,0.186,-8.280,12,25,1
397,8.349,-12.418,8.379,0.276,0.276,-8.379,12,26,1
398,8.284,-12.114,8.482,0.473,0.473,-8.482,12,27,1
399,8.220,-11.811,8.586,0.751,0.751,-8.586,12,28,1
400,8.155,-11.508,8.700,1.088,1.088,-8.700,12,29,1
401,8.091,-11.205,8.820,1.458,1.458,-8.820,12,30,1
402,8.026,-10.902,8.940,1.848,1.848,-8.940,12,31,1
403,7.962,-10.598,9.065,2.262,2.262,-9.065,12,32,1
404,7.898,-10.295,9.194,2.666,2.666,-9.194,12,33,1
405,10.429,-20.039,9.261,0.708,0.708,-9.261,13,0,2
406,10.364,-19.736,9.134,0.553,0.553,-9.134,13,1,2
407,10.300,-19.433,9.008,0.413,0.413,-9.008,13,2,2
408,10.236,-19.130,8.889,0.286,0.286,-8.889,13,3,2
409,10.171,-18.827,8.771,0.178,0.178,-8.771,13,4,2
410,10.107,-18.523,8.652,0.098,0.098,-8.652,13,5,2
411,10.042,-18.220,8.547,0.047,0.047,-8.547,13,6,2
412,9.978,-17.917,8.444,0.033,0.033,-8.444,13,7,2
413,9.913,-17.614,8.340,0.028,0.028,-8.340,13,8,2
414,9.849,-17.310,8.256,0.049,0.049,-8.256,13,9,2
415,9.784,-17.007,8.177,0.085,0.085,-8.177,13,10,2
416,9.720,-16.704,8.097,0.129,0.129,-8.097,13,11,2
417,9.655,-16.401,8.036,0.201,0.201,-8.036,13,12,2
418,9.591,-16.098,7.990,0.290,0.290,-7.990,13,13,2
419,9.527,-15.794,7.944,0.398,0.398,-7.944,13,14,2
420,9.462,-15.491,7.909,0.498,0.498,-7.909,13,15,2
421,9.398,-15.188,7.906,0.566,0.566,-7.906,13,16,1
422,9.333,-14.885,7.903,0.616,0.616,-7.903,13,17,1
423,9.269,-14.581,7.900,0.626,0.626,-7.900,13,18,1
424,9.204,-14.278,7.937,0.659,0.659,-7.937,13,19,1
425,9.140,-13.975,7.979,0.672,0.672,-7.979,13,20,1
426,9.075,-13.672,8.021,0.606,0.606,-8.021,13,21,1
427,9.011,-13.369,8.082,0.505,0.505,-8.082,13,22,1
428,8.946,-13.065,8.159,0.383,0.383,-8.159,13,23,1
429,8.882,-12.762,8.236,0.254,0.254,-8.236,13,24,1
430,8.818,-12.459,8.321,0.257,0.257,-8.321,13,25,1
431,8.753,-12.156,8.424,0.385,0.385,-8.424,13,26,1
432,8.689,-11.852,8.527,0.600,0.600,-8.527,13,27,1
433,8.624,-11.549,8.631,0.889,0.889,-8.631,13,28,1
434,8.560,-11.246,8.751,1.248,1.248,-8.751,13,29,1
435,8.495,-10.943,8.871,1.667,1.667,-8.871,13,30,1
436,8.431,-10.639,8.991,2.088,2.088,-8.991,13,31,1
437,8.366,-10.336,9.119,2.506,2.506,-9.119,13,32,1
438,8.302,-10.033,9.247,2.883,2.883,-9.247,13,33,1
439,10.897,-20.079,9.324,1.189,1.189,-9.324,14,0,3
440,10.833,-19.776,9.198,1.032,1.032,-9.198,14,1,3
441,10.768,-19.473,9.072,0.823,0.823,-9.072,14,2,3
442,10.704,-19.170,8.950,0.609,0.609,-8.950,14,3,3
443,10.640,-18.866,8.832,0.429,0.429,-8.832,14,4,3
444,10.575,-18.563,8.713,0.266,0.266,-8.713,14,5,3
445,10.511,-18.260,8.600,0.166,0.166,-8.600,14,6,3
446,10.446,-17.957,8.497,0.106,0.106,-8.497,14,7,3
447,10.382,-17.653,8.394,0.065,0.065,-8.394,14,8,3
448,10.317,-17.350,8.297,0.035,0.035,-8.297,14,9,3
449,10.253,-17.047,8.218,0.038,0.038,-8.218,14,10,3
450,10.188,-16.744,8.139,0.054,0.054,-8.139,14,11,3
451,10.124,-16.440,8.060,0.086,0.086,-8.060,14,12,3
452,10.059,-16.137,8.014,0.161,0.161,-8.014,14,13,3
453,9.995,-15.834,7.969,0.239,0.239,-7.969,14,14,3
454,9.931,-15.531,7.923,0.333,0.333,-7.923,14,15,3
455,9.866,-15.228,7.907,0.465,0.465,-7.907,14,16,3
456,9.802,-14.924,7.905,0.594,0.594,-7.905,14,17,0
457,9.737,-14.621,7.902,0.682,0.682,-7.902,14,18,0
458,9.673,-14.318,7.915,0.757,0.757,-7.915,14,19,0
459,9.608,-14.015,7.956,0.803,0.803,-7.956,14,20,0
460,9.544,-13.711,7.998,0.776,0.776,-7.998,14,21,0
461,9.479,-13.408,8.040,0.676,0.676,-8.040,14,22,0
462,9.415,-13.105,8.116,0.553,0.553,-8.116,14,23,0
463,9.351,-12.802,8.193,0.378,0.378,-8.193,14,24,0
464,9.286,-12.499,8.270,0.270,0.270,-8.270,14,25,0
465,9.222,-12.195,8.366,0.349,0.349,-8.366,14,26,0
466,9.157,-11.892,8.469,0.502,0.502,-8.469,14,27,0
467,9.093,-11.589,8.572,0.761,0.761,-8.572,14,28,0
468,9.028,-11.286,8.683,1.107,1.107,-8.683,14,29,0
469,8.964,-10.982,8.802,1.502,1.502,-8.802,14,30,0
470,8.899,-10.679,8.922,1.924,1.924,-8.922,14,31,0
471,8.835,-10.376,9.045,2.340,2.340,-9.045,14,32,0
472,8.770,-10.073,9.173,2.712,2.712,-9.173,14,33,0
473,11.301,-19.814,9.261,1.555,1.555,-9.261,15,0,3
474,11.237,-19.511,9.135,1.339,1.339,-9.135,15,1,3
475,11.172,-19.207,9.009,1.111,1.111,-9.009,15,2,3
476,11.108,-18.904,8.891,0.883,0.883,-8.891,15,3,3
477,11.043,-18.601,8.773,0.649,0.649,-8.773,15,4,3
478,10.979,-18.298,8.654,0.441,0.441,-8.654,15,5,3
479,10.914,-17.994,8.550,0.302,0.302,-8.550,15,6,3
480,10.850,-17.691,8.447,0.198,0.198,-8.447,15,7,3
481,10.785,-17.388,8.344,0.101,0.101,-8.344,15,8,3
482,10.721,-17.085,8.259,0.056,0.056,-8.259,15,9,3
483,10.656,-16.782,8.180,0.040,0.040,-8.180,15,10,3
484,10.592,-16.478,8.101,0.033,0.033,-8.101,15,11,3
485,10.528,-16.175,8.038,0.064,0.064,-8.038,15,12,3
486,10.463,-15.872,7.993,0.119,0.119,-7.993,15,13,3
487,10.399,-15.569,7.947,0.190,0.190,-7.947,15,14,3
488,10.334,-15.265,7.909,0.280,0.280,-7.909,15,15,3
489,10.270,-14.962,7.906,0.448,0.448,-7.906,15,16,0
490,10.205,-14.659,7.903,0.606,0.606,-7.903,15,17,0
491,10.141,-14.356,7.901,0.717,0.717,-7.901,15,18,0
492,10.076,-14.053,7.934,0.833,0.833,-7.934,15,19,0
493,10.012,-13.749,7.975,0.880,0.880,-7.975,15,20,0
494,9.948,-13.446,8.017,0.835,0.835,-8.017,15,21,0
495,9.883,-13.143,8.074,0.734,0.734,-8.074,15,22,0
496,9.819,-12.840,8.151,0.576,0.576,-8.151,15,23,0
497,9.754,-12.536,8.227,0.417,0.417,-8.227,15,24,0
498,9.690,-12.233,8.309,0.354,0.354,-8.309,15,25,0
499,9.625,-11.930,8.411,0.406,0.406,-8.411,15,26,0
500,9.561,-11.627,8.513,0.598,0.598,-8.513,15,27,0
501,9.496,-11.324,8.616,0.892,0.892,-8.616,15,28,0
502,9.432,-11.020,8.734,1.253,1.253,-8.734,15,29,0
503,9.367,-10.717,8.854,1.664,1.664,-8.854,15,30,0
504,9.303,-10.414,8.973,2.102,2.102,-8.973,15,31,0
505,9.239,-10.111,9.099,2.486,2.486,-9.099,15,32,0
506,9.174,-9.807,9.227,2.855,2.855,-9.227,15,33,0
507,11.768,-19.849,9.324,2.075,2.075,-9.324,16,0,3
508,11.704,-19.545,9.199,1.902,1.902,-9.199,16,1,3
509,11.640,-19.242,9.073,1.676,1.676,-9.073,16,2,3
510,11.575,-18.939,8.951,1.427,1.427,-8.951,16,3,3
511,11.511,-18.636,8.833,1.170,1.170,-8.833,16,4,3
512,11.446,-18.332,8.715,0.892,0.892,-8.715,16,5,3
513,11.382,-18.029,8.603,0.616,0.616,-8.603,16,6,3
514,11.317,-17.726,8.500,0.402,0.402,-8.500,16,7,3
515,11.253,-17.423,8.397,0.226,0.226,-8.397,16,8,3
516,11.188,-17.119,8.299,0.118,0.118,-8.299,16,9,3
517,11.124,-16.816,8.220,0.064,0.064,-8.220,16,10,3
518,11.059,-16.513,8.142,0.027,0.027,-8.142,16,11,3
519,10.995,-16.210,8.063,0.016,0.016,-8.063,16,12,3
520,10.931,-15.907,8.016,0.055,0.055,-8.016,16,13,3
521,10.866,-15.603,7.971,0.109,0.109,-7.971,16,14,3
522,10.802,-15.300,7.926,0.168,0.168,-7.926,16,15,3
523,10.737,-14.997,7.907,0.265,0.265,-7.907,16,16,3
524,10.673,-14.694,7.905,0.401,0.401,-7.905,16,17,0
525,10.608,-14.390,7.902,0.546,0.546,-7.902,16,18,0
526,10.544,-14.087,7.911,0.700,0.700,-7.911,16,19,0
527,10.479,-13.784,7.953,0.826,0.826,-7.953,16,20,0
528,10.415,-13.481,7.994,0.873,0.873,-7.994,16,21,0
529,10.350,-13.178,8.036,0.817,0.817,-8.036,16,22,0
530,10.286,-12.874,8.109,0.699,0.699,-8.109,16,23,0
531,10.222,-12.571,8.186,0.552,0.552,-8.186,16,24,0
532,10.157,-12.268,8.262,0.422,0.422,-8.262,16,25,0
533,10.093,-11.965,8.355,0.398,0.398,-8.355,16,26,0
534,10.028,-11.661,8.457,0.540,0.540,-8.457,16,27,0
535,9.964,-11.358,8.559,0.808,0.808,-8.559,16,28,0
536,9.899,-11.055,8.668,1.156,1.156,-8.668,16,29,0
537,9.835,-10.752,8.787,1.546,1.546,-8.787,16,30,0
538,9.770,-10.449,8.906,1.948,1.948,-8.906,16,31,0
539,9.706,-10.145,9.027,2.315,2.315,-9.027,16,32,0
540,9.642,-9.842,9.155,2.678,2.678,-9.155,16,33,0
541,12.105,-19.265,9.136,2.206,2.206,-9.136,17,1,3
542,12.040,-18.962,9.010,1.900,1.900,-9.010,17,2,3
543,11.976,-18.659,8.891,1.602,1.602,-8.891,17,3,3
544,11.911,-18.356,8.772,1.293,1.293,-8.772,17,4,3
545,11.847,-18.052,8.653,0.953,0.953,-8.653,17,5,3
546,11.782,-17.749,8.549,0.635,0.635,-8.549,17,6,3
547,11.718,-17.446,8.447,0.370,0.370,-8.447,17,7,3
548,11.653,-17.143,8.344,0.200,0.200,-8.344,17,8,3
549,11.589,-16.840,8.259,0.099,0.099,-8.259,17,9,3
550,11.524,-16.536,8.181,0.041,0.041,-8.181,17,10,3
551,11.460,-16.233,8.102,0.020,0.020,-8.102,17,11,3
552,11.396,-15.930,8.039,0.046,0.046,-8.039,17,12,3
553,11.331,-15.627,7.993,0.116,0.116,-7.993,17,13,3
554,11.267,-15.323,7.948,0.197,0.197,-7.948,17,14,3
555,11.202,-15.020,7.909,0.309,0.309,-7.909,17,15,3
556,11.138,-14.717,7.906,0.531,0.531,-7.906,17,16,0
557,11.073,-14.414,7.904,0.735,0.735,-7.904,17,17,0
558,11.009,-14.111,7.901,0.897,0.897,-7.901,17,18,0
559,10.944,-13.807,7.932,0.990,0.990,-7.932,17,19,0
560,10.880,-13.504,7.974,0.991,0.991,-7.974,17,20,0
561,10.815,-13.201,8.015,0.864,0.864,-8.015,17,21,0
562,10.751,-12.898,8.070,0.733,0.733,-8.070,17,22,0
563,10.687,-12.594,8.147,0.596,0.596,-8.147,17,23,0
564,10.622,-12.291,8.223,0.494,0.494,-8.223,17,24,0
565,10.558,-11.988,8.302,0.457,0.457,-8.302,17,25,0
566,10.493,-11.685,8.404,0.594,0.594,-8.404,17,26,0
567,10.429,-11.381,8.506,0.851,0.851,-8.506,17,27,0
568,10.364,-11.078,8.608,1.186,1.186,-8.608,17,28,0
569,10.300,-10.775,8.725,1.562,1.562,-8.725,17,29,0
570,10.235,-10.472,8.843,1.943,1.943,-8.843,17,30,0
571,10.171,-10.169,8.963,2.288,2.288,-8.963,17,31,0
572,10.107,-9.865,9.087,2.607,2.607,-9.087,17,32,0
573,10.042,-9.562,9.214,2.893,2.893,-9.214,17,33,0
574,12.631,-19.579,9.323,2.838,2.838,-9.323,18,0,3
575,12.567,-19.276,9.197,2.534,2.534,-9.197,18,1,3
576,12.502,-18.972,9.071,2.203,2.203,-9.071,18,2,3
577,12.438,-18.669,8.949,1.865,1.865,-8.949,18,3,3
578,12.373,-18.366,8.831,1.530,1.530,-8.831,18,4,3
579,12.309,-18.063,8.712,1.176,1.176,-8.712,18,5,3
580,12.245,-17.759,8.600,0.818,0.818,-8.600,18,6,3
581,12.180,-17.456,8.497,0.490,0.490,-8.497,18,7,3
582,12.116,-17.153,8.393,0.273,0.273,-8.393,18,8,3
583,12.051,-16.850,8.296,0.130,0.130,-8.296,18,9,3
584,11.987,-16.547,8.217,0.057,0.057,-8.217,18,10,3
585,11.922,-16.243,8.138,0.036,0.036,-8.138,18,11,3
586,11.858,-15.940,8.059,0.069,0.069,-8.059,18,12,3
587,11.793,-15.637,8.014,0.182,0.182,-8.014,18,13,3
588,11.729,-15.334,7.969,0.339,0.339,-7.969,18,14,3
589,11.664,-15.030,7.924,0.539,0.539,-7.924,18,15,3
590,11.600,-14.727,7.907,0.950,0.950,-7.907,18,16,0
591,11.536,-14.424,7.905,1.222,1.222,-7.905,18,17,0
592,11.471,-14.121,7.902,1.369,1.369,-7.902,18,18,0
593,11.407,-13.817,7.913,1.411,1.411,-7.913,18,19,0
594,11.342,-13.514,7.954,1.378,1.378,-7.954,18,20,0
595,11.278,-13.211,7.995,1.162,1.162,-7.995,18,21,0
596,11.213,-12.908,8.037,0.909,0.909,-8.037,18,22,0
597,11.149,-12.605,8.110,0.713,0.713,-8.110,18,23,0
598,11.084,-12.301,8.187,0.598,0.598,-8.187,18,24,0
599,11.020,-11.998,8.263,0.569,0.569,-8.263,18,25,0
600,10.955,-11.695,8.355,0.683,0.683,-8.355,18,26,0
601,10.891,-11.392,8.457,0.920,0.920,-8.457,18,27,0
602,10.827,-11.088,8.559,1.224,1.224,-8.559,18,28,0
603,10.762,-10.785,8.668,1.553,1.553,-8.668,18,29,0
604,10.698,-10.482,8.786,1.919,1.919,-8.786,18,30,0
605,10.633,-10.179,8.905,2.240,2.240,-8.905,18,31,0
606,10.569,-9.876,9.025,2.521,2.521,-9.025,18,32,0
607,10.504,-9.572,9.152,2.791,2.791,-9.152,18,33,0
608,13.028,-19.281,9.261,2.786,2.786,-9.261,19,0,3
609,12.964,-18.978,9.135,2.441,2.441,-9.135,19,1,3
610,12.899,-18.675,9.008,2.088,2.088,-9.008,19,2,3
611,12.835,-18.372,8.890,1.725,1.725,-8.890,19,3,3
612,12.770,-18.068,8.771,1.347,1.347,-8.771,19,4,3
613,12.706,-17.765,8.651,0.969,0.969,-8.651,19,5,3
614,12.641,-17.462,8.547,0.624,0.624,-8.547,19,6,3
615,12.577,-17.159,8.444,0.371,0.371,-8.444,19,7,3
616,12.512,-16.856,8.341,0.184,0.184,-8.341,19,8,3
617,12.448,-16.552,8.256,0.093,0.093,-8.256,19,9,3
618,12.384,-16.249,8.177,0.071,0.071,-8.177,19,10,3
619,12.319,-15.946,8.098,0.138,0.138,-8.098,19,11,3
620,12.255,-15.643,8.037,0.290,0.290,-8.037,19,12,3
621,12.190,-15.339,7.991,0.563,0.563,-7.991,19,13,3
622,12.126,-15.036,7.945,0.925,0.925,-7.945,19,14,3
623,12.061,-14.733,7.909,1.469,1.469,-7.909,19,15,3
624,11.997,-14.430,7.906,1.720,1.720,-7.906,19,16,0
625,11.932,-14.127,7.903,1.813,1.813,-7.903,19,17,0
626,11.868,-13.823,7.901,1.797,1.797,-7.901,19,18,0
627,11.803,-13.520,7.935,1.747,1.747,-7.935,19,19,0
628,11.739,-13.217,7.976,1.591,1.591,-7.976,19,20,0
629,11.675,-12.914,8.018,1.324,1.324,-8.018,19,21,0
630,11.610,-12.610,8.075,1.087,1.087,-8.075,19,22,0
631,11.546,-12.307,8.151,0.909,0.909,-8.151,19,23,0
632,11.481,-12.004,8.227,0.887,0.887,-8.227,19,24,0
633,11.417,-11.701,8.308,0.920,0.920,-8.308,19,25,0
634,11.352,-11.398,8.410,1.067,1.067,-8.410,19,26,0
635,11.288,-11.094,8.511,1.309,1.309,-8.511,19,27,0
636,11.223,-10.791,8.613,1.588,1.588,-8.613,19,28,0
637,11.159,-10.488,8.730,1.905,1.905,-8.730,19,29,0
638,11.094,-10.185,8.848,2.193,2.193,-8.848,19,30,0
639,11.030,-9.881,8.967,2.428,2.428,-8.967,19,31,0
640,10.966,-9.578,9.092,2.664,2.664,-9.092,19,32,0
641,10.901,-9.275,9.218,2.933,2.933,-9.218,19,33,0
642,13.489,-19.284,9.324,2.950,2.950,-9.324,20,0,3
643,13.424,-18.981,9.198,2.611,2.611,-9.198,20,1,3
644,13.360,-18.678,9.072,2.270,2.270,-9.072,20,2,3
645,13.295,-18.375,8.950,1.911,1.911,-8.950,20,3,3
646,13.231,-18.072,8.832,1.540,1.540,-8.832,20,4,3
647,13.166,-17.768,8.714,1.179,1.179,-8.714,20,5,3
648,13.102,-17.465,8.601,0.853,0.853,-8.601,20,6,3
649,13.038,-17.162,8.498,0.577,0.577,-8.498,20,7,3
650,12.973,-16.859,8.395,0.355,0.355,-8.395,20,8,3
651,12.909,-16.555,8.297,0.204,0.204,-8.297,20,9,3
652,12.844,-16.252,8.218,0.163,0.163,-8.218,20,10,3
653,12.780,-15.949,8.138,0.263,0.263,-8.138,20,11,3
654,12.715,-15.646,8.060,0.475,0.475,-8.060,20,12,3
655,12.651,-15.342,8.014,0.936,0.936,-8.014,20,13,3
656,12.586,-15.039,7.968,1.513,1.513,-7.968,20,14,3
657,12.522,-14.736,7.922,1.995,1.995,-7.922,20,15,3
658,12.458,-14.433,7.907,2.256,2.256,-7.907,20,16,0
659,12.393,-14.130,7.904,2.339,2.339,-7.904,20,17,0
660,12.329,-13.826,7.902,2.306,2.306,-7.902,20,18,0
661,12.264,-13.523,7.915,2.174,2.174,-7.915,20,19,0
662,12.200,-13.220,7.956,2.001,2.001,-7.956,20,20,0
663,12.135,-12.917,7.997,1.731,1.731,-7.997,20,21,0
664,12.071,-12.613,8.038,1.456,1.456,-8.038,20,22,0
665,12.006,-12.310,8.114,1.294,1.294,-8.114,20,23,0
666,11.942,-12.007,8.191,1.325,1.325,-8.191,20,24,0
667,11.877,-11.704,8.267,1.354,1.354,-8.267,20,25,0
668,11.813,-11.401,8.361,1.438,1.438,-8.361,20,26,0
669,11.749,-11.097,8.463,1.558,1.558,-8.463,20,27,0
670,11.684,-10.794,8.565,1.751,1.751,-8.565,20,28,0
671,11.620,-10.491,8.674,1.966,1.966,-8.674,20,29,0
672,11.555,-10.188,8.793,2.177,2.177,-8.793,20,30,0
673,11.491,-9.884,8.911,2.347,2.347,-8.911,20,31,0
674,11.426,-9.581,9.032,2.539,2.539,-9.032,20,32,0
675,11.362,-9.278,9.159,2.834,2.834,-9.159,20,33,0
676,13.885,-18.982,9.262,2.659,2.659,-9.262,21,0,3
677,13.820,-18.679,9.137,2.323,2.323,-9.137,21,1,3
678,13.756,-18.376,9.011,1.982,1.982,-9.011,21,2,3
679,13.691,-18.072,8.894,1.656,1.656,-8.894,21,3,3
680,13.627,-17.769,8.775,1.339,1.339,-8.775,21,4,3
681,13.562,-17.466,8.656,1.051,1.051,-8.656,21,5,3
682,13.498,-17.163,8.552,0.802,0.802,-8.552,21,6,3
683,13.433,-16.859,8.449,0.596,0.596,-8.449,21,7,3
684,13.369,-16.556,8.346,0.442,0.442,-8.346,21,8,3
685,13.304,-16.253,8.260,0.369,0.369,-8.260,21,9,3
686,13.240,-15.950,8.181,0.487,0.487,-8.181,21,10,3
687,13.176,-15.647,8.102,0.778,0.778,-8.102,21,11,3
688,13.111,-15.343,8.039,1.282,1.282,-8.039,21,12,3
689,13.047,-15.040,7.993,1.840,1.840,-7.993,21,13,3
690,12.982,-14.737,7.947,2.268,2.268,-7.947,21,14,3
691,12.918,-14.434,7.909,2.479,2.479,-7.909,21,15,0
692,12.853,-14.130,7.906,2.941,2.941,-7.906,21,16,0
693,12.789,-13.827,7.903,2.492,2.492,-7.903,21,17,0
694,12.724,-13.524,7.900,2.340,2.340,-7.900,21,18,0
695,12.660,-13.221,7.934,2.168,2.168,-7.934,21,19,0
696,12.595,-12.917,7.976,1.963,1.963,-7.976,21,20,0
697,12.531,-12.614,8.017,1.789,1.789,-8.017,21,21,0
698,12.467,-12.311,8.077,1.675,1.675,-8.077,21,22,0
699,12.402,-12.008,8.153,1.761,1.761,-8.153,21,23,0
700,12.338,-11.705,8.230,1.834,1.834,-8.230,21,24,0
701,12.273,-11.401,8.311,1.875,1.875,-8.311,21,25,0
702,12.209,-11.098,8.414,1.915,1.915,-8.414,21,26,0
703,12.144,-10.795,8.516,1.956,1.956,-8.516,21,27,0
704,12.080,-10.492,8.618,2.039,2.039,-8.618,21,28,0
705,12.015,-10.188,8.736,2.159,2.159,-8.736,21,29,0
706,11.951,-9.885,8.855,2.267,2.267,-8.855,21,30,0
707,11.887,-9.582,8.973,2.407,2.407,-8.973,21,31,0
708,11.822,-9.279,9.099,2.691,2.691,-9.099,21,32,0
709,11.758,-8.976,9.226,3.154,3.154,-9.226,21,33,0
710,14.344,-18.981,9.325,2.548,2.548,-9.325,22,0,3
711,14.280,-18.678,9.200,2.292,2.292,-9.200,22,1,3
712,14.215,-18.374,9.075,2.011,2.011,-9.075,22,2,3
713,14.151,-18.071,8.954,1.742,1.742,-8.954,22,3,3
714,14.087,-17.768,8.836,1.479,1.479,-8.836,22,4,3
715,14.022,-17.465,8.719,1.217,1.217,-8.719,22,5,3
716,13.958,-17.161,8.606,0.998,0.998,-8.606,22,6,3
717,13.893,-16.858,8.504,0.827,0.827,-8.504,22,7,3
718,13.829,-16.555,8.402,0.703,0.703,-8.402,22,8,3
719,13.764,-16.252,8.303,0.618,0.618,-8.303,22,9,3
720,13.700,-15.948,8.225,0.677,0.677,-8.225,22,10,3
721,13.635,-15.645,8.145,0.923,0.923,-8.145,22,11,3
722,13.571,-15.342,8.066,1.336,1.336,-8.066,22,12,3
723,13.506,-15.039,8.018,1.799,1.799,-8.018,22,13,3
724,13.442,-14.736,7.973,2.133,2.133,-7.973,22,14,3
725,13.378,-14.432,7.927,2.282,2.282,-7.927,22,15,3
726,13.313,-14.129,7.908,2.359,2.359,-7.908,22,16,0
727,13.249,-13.826,7.905,2.343,2.343,-7.905,22,17,0
728,13.184,-13.523,7.902,2.248,2.248,-7.902,22,18,0
729,13.120,-13.219,7.911,2.096,2.096,-7.911,22,19,0
730,13.055,-12.916,7.952,1.941,1.941,-7.952,22,20,0
731,12.991,-12.613,7.993,1.870,1.870,-7.993,22,21,0
732,12.926,-12.310,8.035,1.902,1.902,-8.035,22,22,0
733,12.862,-12.007,8.108,2.057,2.057,-8.108,22,23,0
734,12.797,-11.703,8.185,2.162,2.162,-8.185,22,24,0
735,12.733,-11.400,8.262,2.220,2.220,-8.262,22,25,0
736,12.669,-11.097,8.355,2.244,2.244,-8.355,22,26,0
737,12.604,-10.794,8.458,2.227,2.227,-8.458,22,27,0
738,12.540,-10.490,8.561,2.151,2.151,-8.561,22,28,0
739,12.475,-10.187,8.670,2.167,2.167,-8.670,22,29,0
740,12.411,-9.884,8.790,2.225,2.225,-8.790,22,30,0
741,12.346,-9.581,8.910,2.310,2.310,-8.910,22,31,0
742,14.739,-18.675,9.263,2.241,2.241,-9.263,23,0,3
743,14.675,-18.371,9.139,2.024,2.024,-9.139,23,1,3
744,14.610,-18.068,9.014,1.775,1.775,-9.014,23,2,3
745,14.546,-17.765,8.897,1.549,1.549,-8.897,23,3,3
746,14.482,-17.462,8.780,1.325,1.325,-8.780,23,4,3
747,14.417,-17.159,8.662,1.135,1.135,-8.662,23,5,3
748,14.353,-16.855,8.558,0.995,0.995,-8.558,23,6,3
749,14.288,-16.552,8.456,0.895,0.895,-8.456,23,7,3
750,14.224,-16.249,8.354,0.831,0.831,-8.354,23,8,3
751,14.159,-15.946,8.266,0.823,0.823,-8.266,23,9,3
752,14.095,-15.642,8.188,0.894,0.894,-8.188,23,10,3
753,14.030,-15.339,8.110,1.133,1.133,-8.110,23,11,3
754,13.966,-15.036,8.043,1.455,1.455,-8.043,23,12,3
755,13.901,-14.733,7.998,1.773,1.773,-7.998,23,13,3
756,13.837,-14.430,7.953,1.905,1.905,-7.953,23,14,3
757,13.773,-14.126,7.909,1.977,1.977,-7.909,23,15,0
758,13.708,-13.823,7.907,2.020,2.020,-7.907,23,16,0
759,13.644,-13.520,7.904,1.974,1.974,-7.904,23,17,0
760,13.579,-13.217,7.901,1.865,1.865,-7.901,23,18,0
761,13.515,-12.913,7.928,1.765,1.765,-7.928,23,19,0
762,13.450,-12.610,7.969,1.778,1.778,-7.969,23,20,0
763,13.386,-12.307,8.011,1.915,1.915,-8.011,23,21,0
764,13.321,-12.004,8.064,2.142,2.142,-8.064,23,22,0
765,13.257,-11.701,8.140,2.284,2.284,-8.140,23,23,0
766,13.192,-11.397,8.217,2.370,2.370,-8.217,23,24,0
767,13.128,-11.094,8.295,2.405,2.405,-8.295,23,25,0
768,13.064,-10.791,8.397,2.405,2.405,-8.397,23,26,0
769,12.999,-10.488,8.499,2.280,2.280,-8.499,23,27,0
770,12.935,-10.184,8.602,2.193,2.193,-8.602,23,28,0
771,12.870,-9.881,8.718,2.196,2.196,-8.718,23,29,0
772,12.806,-9.578,8.837,2.253,2.253,-8.837,23,30,0
773,12.741,-9.275,8.957,2.313,2.313,-8.957,23,31,0
774,12.677,-8.971,9.082,2.572,2.572,-9.082,23,32,0
775,12.612,-8.668,9.210,2.993,2.993,-9.210,23,33,0
776,15.198,-18.670,9.325,2.224,2.224,-9.325,24,0,3
777,15.134,-18.367,9.201,2.043,2.043,-9.201,24,1,3
778,15.070,-18.064,9.077,1.810,1.810,-9.077,24,2,3
779,15.005,-17.761,8.957,1.597,1.597,-8.957,24,3,3
780,14.941,-17.458,8.840,1.389,1.389,-8.840,24,4,3
781,14.876,-17.154,8.724,1.236,1.236,-8.724,24,5,3
782,14.812,-16.851,8.611,1.113,1.113,-8.611,24,6,3
783,14.747,-16.548,8.510,1.029,1.029,-8.510,24,7,3
784,14.683,-16.245,8.409,0.968,0.968,-8.409,24,8,3
785,14.618,-15.941,8.308,0.931,0.931,-8.308,24,9,3
786,14.554,-15.638,8.231,0.926,0.926,-8.231,24,10,3
787,14.489,-15.335,8.153,0.971,0.971,-8.153,24,11,3
788,14.425,-15.032,8.075,1.135,1.135,-8.075,24,12,3
789,14.361,-14.728,8.024,1.353,1.353,-8.024,24,13,3
790,14.296,-14.425,7.978,1.489,1.489,-7.978,24,14,3
791,14.232,-14.122,7.933,1.552,1.552,-7.933,24,15,0
792,14.167,-13.819,7.908,1.594,1.594,-7.908,24,16,0
793,14.103,-13.516,7.905,1.575,1.575,-7.905,24,17,0
794,14.038,-13.212,7.903,1.483,1.483,-7.903,24,18,0
795,13.974,-12.909,7.904,1.398,1.398,-7.904,24,19,0
796,13.909,-12.606,7.945,1.483,1.483,-7.945,24,20,0
797,13.845,-12.303,7.986,1.753,1.753,-7.986,24,21,0
798,13.780,-11.999,8.027,2.077,2.077,-8.027,24,22,0
799,13.716,-11.696,8.094,2.249,2.249,-8.094,24,23,0
800,13.652,-11.393,8.170,2.353,2.353,-8.170,24,24,0
801,13.587,-11.090,8.246,2.400,2.400,-8.246,24,25,0
802,13.523,-10.787,8.334,2.397,2.397,-8.334,24,26,0
803,13.458,-10.483,8.435,2.292,2.292,-8.435,24,27,0
804,13.394,-10.180,8.538,2.163,2.163,-8.538,24,28,0
805,13.329,-9.877,8.644,2.114,2.114,-8.644,24,29,0
806,13.265,-9.574,8.762,2.168,2.168,-8.762,24,30,0
807,13.200,-9.270,8.882,2.270,2.270,-8.882,24,31,0
808,13.136,-8.967,9.002,2.359,2.359,-9.002,24,32,0
809,13.072,-8.664,9.129,2.639,2.639,-9.129,24,33,0
810,15.593,-18.361,9.264,2.096,2.096,-9.264,25,0,3
811,15.528,-18.058,9.141,1.896,1.896,-9.141,25,1,3
812,15.464,-17.755,9.017,1.673,1.673,-9.017,25,2,3
813,15.399,-17.452,8.901,1.465,1.465,-8.901,25,3,3
814,15.335,-17.148,8.785,1.314,1.314,-8.785,25,4,3
815,15.271,-16.845,8.668,1.189,1.189,-8.668,25,5,3
816,15.206,-16.542,8.564,1.100,1.100,-8.564,25,6,3
817,15.142,-16.239,8.463,1.037,1.037,-8.463,25,7,3
818,15.077,-15.935,8.361,0.994,0.994,-8.361,25,8,3
819,15.013,-15.632,8.273,0.967,0.967,-8.273,25,9,3
820,14.948,-15.329,8.195,0.973,0.973,-8.195,25,10,3
821,14.884,-15.026,8.118,1.012,1.012,-8.118,25,11,3
822,14.819,-14.723,8.048,1.109,1.109,-8.048,25,12,3
823,14.755,-14.419,8.003,1.172,1.172,-8.003,25,13,3
824,14.690,-14.116,7.959,1.176,1.176,-7.959,25,14,3
825,14.626,-13.813,7.914,1.133,1.133,-7.914,25,15,0
826,14.562,-13.510,7.907,1.072,1.072,-7.907,25,16,0
827,14.497,-13.206,7.904,0.979,0.979,-7.904,25,17,0
828,14.433,-12.903,7.902,0.883,0.883,-7.902,25,18,0
829,14.368,-12.600,7.921,0.965,0.965,-7.921,25,19,0
830,14.304,-12.297,7.962,1.206,1.206,-7.962,25,20,0
831,14.239,-11.994,8.003,1.739,1.739,-8.003,25,21,0
832,14.175,-11.690,8.048,1.985,1.985,-8.048,25,22,0
833,14.110,-11.387,8.124,2.198,2.198,-8.124,25,23,0
834,14.046,-11.084,8.200,2.269,2.269,-8.200,25,24,0
835,13.981,-10.781,8.276,2.272,2.272,-8.276,25,25,0
836,13.917,-10.477,8.373,2.183,2.183,-8.373,25,26,0
837,13.853,-10.174,8.475,2.036,2.036,-8.475,25,27,0
838,13.788,-9.871,8.577,1.964,1.964,-8.577,25,28,0
839,13.724,-9.568,8.688,2.002,2.002,-8.688,25,29,0
840,13.659,-9.264,8.807,2.134,2.134,-8.807,25,30,0
841,13.595,-8.961,8.925,2.248,2.248,-8.925,25,31,0
842,13.530,-8.658,9.047,2.389,2.389,-9.047,25,32,0
843,13.466,-8.355,9.174,2.857,2.857,-9.174,25,33,0
844,16.051,-18.353,9.326,2.111,2.111,-9.326,26,0,3
845,15.987,-18.050,9.203,1.907,1.907,-9.203,26,1,3
846,15.922,-17.747,9.080,1.673,1.673,-9.080,26,2,3
847,15.858,-17.444,8.960,1.423,1.423,-8.960,26,3,3
848,15.793,-17.140,8.844,1.254,1.254,-8.844,26,4,3
849,15.729,-16.837,8.728,1.124,1.124,-8.728,26,5,3
850,15.664,-16.534,8.616,1.036,1.036,-8.616,26,6,3
851,15.600,-16.231,8.516,0.977,0.977,-8.516,26,7,3
852,15.536,-15.928,8.415,0.937,0.937,-8.415,26,8,3
853,15.471,-15.624,8.314,0.905,0.905,-8.314,26,9,3
854,15.407,-15.321,8.237,0.906,0.906,-8.237,26,10,3
855,15.342,-15.018,8.160,0.945,0.945,-8.160,26,11,3
856,15.278,-14.715,8.083,1.029,1.029,-8.083,26,12,3
857,15.213,-14.411,8.028,1.078,1.078,-8.028,26,13,3
858,15.149,-14.108,7.984,1.058,1.058,-7.984,26,14,3
859,15.084,-13.805,7.939,0.973,0.973,-7.939,26,15,0
860,15.020,-13.502,7.908,0.823,0.823,-7.908,26,16,0
861,14.955,-13.199,7.906,0.699,0.699,-7.906,26,17,0
862,14.891,-12.895,7.903,0.616,0.616,-7.903,26,18,0
863,14.827,-12.592,7.901,0.590,0.590,-7.901,26,19,0
864,14.762,-12.289,7.938,0.772,0.772,-7.938,26,20,0
865,14.698,-11.986,7.979,1.082,1.082,-7.979,26,21,0
866,14.633,-11.682,8.020,1.524,1.524,-8.020,26,22,0
867,14.569,-11.379,8.079,1.776,1.776,-8.079,26,23,0
868,14.504,-11.076,8.155,1.932,1.932,-8.155,26,24,0
869,14.440,-10.773,8.230,1.969,1.969,-8.230,26,25,0
870,14.375,-10.469,8.311,1.907,1.907,-8.311,26,26,0
871,14.311,-10.166,8.412,1.779,1.779,-8.412,26,27,0
872,14.246,-9.863,8.513,1.709,1.709,-8.513,26,28,0
873,14.182,-9.560,8.615,1.732,1.732,-8.615,26,29,0
874,14.118,-9.257,8.732,1.895,1.895,-8.732,26,30,0
875,14.053,-8.953,8.850,2.084,2.084,-8.850,26,31,0
876,13.989,-8.650,8.969,2.250,2.250,-8.969,26,32,0
877,13.924,-8.347,9.093,2.571,2.571,-9.093,26,33,0
878,16.445,-18.039,9.265,1.947,1.947,-9.265,27,0,3
879,16.380,-17.736,9.143,1.651,1.651,-9.143,27,1,3
880,16.316,-17.433,9.020,1.366,1.366,-9.020,27,2,3
881,16.251,-17.130,8.904,1.142,1.142,-8.904,27,3,3
882,16.187,-16.827,8.789,0.958,0.958,-8.789,27,4,3
883,16.122,-16.523,8.673,0.838,0.838,-8.673,27,5,3
884,16.058,-16.220,8.569,0.770,0.770,-8.569,27,6,3
885,15.993,-15.917,8.469,0.737,0.737,-8.469,27,7,3
886,15.929,-15.614,8.368,0.708,0.708,-8.368,27,8,3
887,15.864,-15.310,8.278,0.704,0.704,-8.278,27,9,3
888,15.800,-15.007,8.201,0.722,0.722,-8.201,27,10,3
889,15.736,-14.704,8.125,0.793,0.793,-8.125,27,11,3
890,15.671,-14.401,8.052,0.876,0.876,-8.052,27,12,3
891,15.607,-14.098,8.008,0.922,0.922,-8.008,27,13,3
892,15.542,-13.794,7.964,0.846,0.846,-7.964,27,14,0
893,15.478,-13.491,7.920,0.666,0.666,-7.920,27,15,0
894,15.413,-13.188,7.907,0.469,0.469,-7.907,27,16,0
895,15.349,-12.885,7.905,0.358,0.358,-7.905,27,17,0
896,15.284,-12.581,7.902,0.333,0.333,-7.902,27,18,0
897,15.220,-12.278,7.914,0.429,0.429,-7.914,27,19,0
898,15.155,-11.975,7.955,0.618,0.618,-7.955,27,20,0
899,15.091,-11.672,7.996,0.943,0.943,-7.996,27,21,0
900,15.027,-11.368,8.037,1.214,1.214,-8.037,27,22,0
901,14.962,-11.065,8.110,1.422,1.422,-8.110,27,23,0
902,14.898,-10.762,8.185,1.501,1.501,-8.185,27,24,0
903,14.833,-10.459,8.261,1.464,1.464,-8.261,27,25,0
904,14.769,-10.156,8.351,1.363,1.363,-8.351,27,26,0
905,14.704,-9.852,8.452,1.313,1.313,-8.452,27,27,0
906,14.640,-9.549,8.553,1.346,1.346,-8.553,27,28,0
907,14.575,-9.246,8.659,1.510,1.510,-8.659,27,29,0
908,14.511,-8.943,8.777,1.789,1.789,-8.777,27,30,0
909,14.446,-8.639,8.895,2.047,2.047,-8.895,27,31,0
910,14.382,-8.336,9.013,2.322,2.322,-9.013,27,32,0
911,14.318,-8.033,9.139,2.674,2.674,-9.139,27,33,0
