index,position_x,position_y,position_z,Bulbcablelength(M),CatenToFloor,bulbonline,lineID,Universe,AmI_0axis_Indicator,AmI_Zaxis_indicator,AmI_Xaxis_indicator,AmI_Yaxis_indicator
0,-0.001,-0.002,6.313,2.909,-6.313,0,0,2,False,False,False,False
1,-0.066,0.302,6.185,2.375,-6.185,1,0,2,False,False,False,False
2,-0.130,0.605,6.057,1.827,-6.057,2,0,2,False,False,False,False
3,-0.195,0.908,5.934,1.338,-5.934,3,0,2,False,False,False,False
4,-0.259,1.211,5.814,1.096,-5.814,4,0,2,False,False,False,False
5,-0.324,1.515,5.694,1.022,-5.694,5,0,2,False,False,False,False
6,-0.388,1.818,5.580,1.087,-5.580,6,0,2,False,False,False,False
7,-0.453,2.121,5.476,1.277,-5.476,7,0,2,False,False,False,False
8,-0.517,2.424,5.371,1.644,-5.371,8,0,2,False,False,False,False
9,-0.582,2.728,5.274,1.960,-5.274,9,0,2,False,False,False,False
10,-0.646,3.031,5.195,2.160,-5.195,10,0,2,False,False,False,False
11,-0.710,3.334,5.114,2.074,-5.114,11,0,2,False,False,False,False
12,-0.775,3.637,5.039,1.843,-5.039,12,0,2,False,False,False,False
13,-0.839,3.940,4.993,1.560,-4.993,13,0,2,False,False,False,False
14,-0.904,4.244,4.948,1.305,-4.948,14,0,2,False,False,False,False
15,-0.968,4.547,4.903,1.156,-4.903,15,0,2,False,False,False,False
16,-1.033,4.850,4.895,1.073,-4.895,16,0,1,False,False,False,False
17,-1.097,5.153,4.895,0.879,-4.895,17,0,1,False,False,False,False
18,-1.162,5.457,4.894,0.647,-4.894,18,0,1,False,False,False,False
19,-1.226,5.760,4.918,0.461,-4.918,19,0,1,False,False,False,False
20,-1.291,6.063,4.962,0.334,-4.962,20,0,1,False,False,False,False
21,-1.355,6.366,5.007,0.295,-5.007,21,0,1,False,False,False,False
22,-1.419,6.669,5.062,0.322,-5.062,22,0,1,False,False,False,False
23,-1.484,6.973,5.141,0.425,-5.141,23,0,1,False,False,False,False
24,-1.548,7.276,5.221,0.578,-5.221,24,0,1,False,False,False,False
25,-1.613,7.579,5.304,0.775,-5.304,25,0,1,False,False,False,False
26,-1.677,7.882,5.410,1.041,-5.410,26,0,1,False,False,False,False
27,-1.742,8.186,5.516,1.344,-5.516,27,0,1,False,False,False,False
28,-1.806,8.489,5.622,1.676,-5.622,28,0,1,False,False,False,False
29,-1.871,8.792,5.744,2.046,-5.744,29,0,1,False,False,False,False
30,-1.935,9.095,5.867,2.405,-5.867,30,0,1,False,False,False,False
31,-2.000,9.398,5.990,2.745,-5.990,31,0,1,False,False,False,False
32,-2.064,9.702,6.120,3.074,-6.120,32,0,1,False,False,False,False
33,-2.128,10.005,6.250,3.371,-6.250,33,0,1,False,False,False,False
34,0.421,0.177,6.250,2.686,-6.250,0,1,2,False,False,False,False
35,0.356,0.480,6.123,2.222,-6.123,1,1,2,False,False,False,False
36,0.292,0.783,5.996,1.799,-5.996,2,1,2,False,False,False,False
37,0.227,1.086,5.877,1.440,-5.877,3,1,2,False,False,False,False
38,0.163,1.389,5.757,1.316,-5.757,4,1,2,False,False,False,False
39,0.098,1.693,5.636,1.412,-5.636,5,1,2,False,False,False,False
40,0.034,1.996,5.531,1.573,-5.531,6,1,2,False,False,False,False
41,-0.030,2.299,5.427,1.798,-5.427,7,1,2,False,False,False,False
42,-0.095,2.602,5.323,2.131,-5.323,8,1,2,False,False,False,False
43,-0.159,2.906,5.238,2.302,-5.238,9,1,2,False,False,False,False
44,-0.224,3.209,5.158,2.276,-5.158,10,1,2,False,False,False,False
45,-0.288,3.512,5.079,2.115,-5.079,11,1,2,False,False,False,False
46,-0.353,3.815,5.019,1.865,-5.019,12,1,2,False,False,False,False
47,-0.417,4.118,4.974,1.536,-4.974,13,1,2,False,False,False,False
48,-0.482,4.422,4.928,1.301,-4.928,14,1,2,False,False,False,False
49,-0.546,4.725,4.896,1.162,-4.896,15,1,2,False,False,False,False
50,-0.611,5.028,4.895,1.065,-4.895,16,1,1,False,False,False,False
51,-0.675,5.331,4.894,0.849,-4.894,17,1,1,False,False,False,False
52,-0.739,5.635,4.894,0.579,-4.894,18,1,1,False,False,False,False
53,-0.804,5.938,4.937,0.409,-4.937,19,1,1,False,False,False,False
54,-0.868,6.241,4.981,0.294,-4.981,20,1,1,False,False,False,False
55,-0.933,6.544,5.025,0.252,-5.025,21,1,1,False,False,False,False
56,-0.997,6.847,5.094,0.304,-5.094,22,1,1,False,False,False,False
57,-1.062,7.151,5.174,0.433,-5.174,23,1,1,False,False,False,False
58,-1.126,7.454,5.254,0.580,-5.254,24,1,1,False,False,False,False
59,-1.191,7.757,5.346,0.775,-5.346,25,1,1,False,False,False,False
60,-1.255,8.060,5.452,1.044,-5.452,26,1,1,False,False,False,False
61,-1.320,8.364,5.558,1.361,-5.558,27,1,1,False,False,False,False
62,-1.384,8.667,5.669,1.708,-5.669,28,1,1,False,False,False,False
63,-1.448,8.970,5.792,2.083,-5.792,29,1,1,False,False,False,False
64,-1.513,9.273,5.914,2.455,-5.914,30,1,1,False,False,False,False
65,-1.577,9.577,6.039,2.787,-6.039,31,1,1,False,False,False,False
66,-1.642,9.880,6.169,3.163,-6.169,32,1,1,False,False,False,False
67,-1.706,10.183,6.299,3.447,-6.299,33,1,1,False,False,False,False
68,0.907,0.052,6.314,2.824,-6.314,0,2,2,False,False,False,False
69,0.843,0.355,6.187,2.477,-6.187,1,2,2,False,False,False,False
70,0.778,0.658,6.060,2.115,-6.060,2,2,2,False,False,False,False
71,0.714,0.961,5.938,1.773,-5.938,3,2,2,False,False,False,False
72,0.649,1.265,5.819,1.620,-5.819,4,2,2,False,False,False,False
73,0.585,1.568,5.700,1.601,-5.700,5,2,2,False,False,False,False
74,0.521,1.871,5.586,1.734,-5.586,6,2,2,False,False,False,False
75,0.456,2.174,5.483,1.981,-5.483,7,2,2,False,False,False,False
76,0.392,2.478,5.379,2.223,-5.379,8,2,2,False,False,False,False
77,0.327,2.781,5.281,2.370,-5.281,9,2,2,False,False,False,False
78,0.263,3.084,5.202,2.419,-5.202,10,2,2,False,False,False,False
79,0.198,3.387,5.123,2.326,-5.123,11,2,2,False,False,False,False
80,0.134,3.691,5.044,2.102,-5.044,12,2,2,False,False,False,False
81,0.069,3.994,4.999,1.812,-4.999,13,2,2,False,False,False,False
82,0.005,4.297,4.954,1.532,-4.954,14,2,2,False,False,False,False
83,-0.060,4.600,4.909,1.311,-4.909,15,2,2,False,False,False,False
84,-0.124,4.903,4.896,1.198,-4.896,16,2,2,False,False,False,False
85,-0.188,5.207,4.895,1.080,-4.895,17,2,1,False,False,False,False
86,-0.253,5.510,4.894,0.860,-4.894,18,2,1,False,False,False,False
87,-0.317,5.813,4.911,0.611,-4.911,19,2,1,False,False,False,False
88,-0.382,6.116,4.955,0.422,-4.955,20,2,1,False,False,False,False
89,-0.446,6.420,4.999,0.270,-4.999,21,2,1,False,False,False,False
90,-0.511,6.723,5.047,0.190,-5.047,22,2,1,False,False,False,False
91,-0.575,7.026,5.126,0.247,-5.126,23,2,1,False,False,False,False
92,-0.640,7.329,5.205,0.350,-5.205,24,2,1,False,False,False,False
93,-0.704,7.632,5.285,0.446,-5.285,25,2,1,False,False,False,False
94,-0.768,7.936,5.387,0.646,-5.387,26,2,1,False,False,False,False
95,-0.833,8.239,5.492,0.921,-5.492,27,2,1,False,False,False,False
96,-0.897,8.542,5.597,1.223,-5.597,28,2,1,False,False,False,False
97,-0.962,8.845,5.715,1.558,-5.715,29,2,1,False,False,False,False
98,-1.026,9.149,5.836,1.895,-5.836,30,2,1,False,False,False,False
99,-1.091,9.452,5.958,2.272,-5.958,31,2,1,False,False,False,False
100,-1.155,9.755,6.086,2.674,-6.086,32,2,1,False,False,False,False
101,-1.220,10.058,6.215,3.034,-6.215,33,2,1,False,False,False,False
102,1.329,0.231,6.251,2.556,-6.251,0,3,2,False,False,False,False
103,1.265,0.534,6.126,2.264,-6.126,1,3,2,False,False,False,False
104,1.200,0.837,5.999,1.973,-5.999,2,3,2,False,False,False,False
105,1.136,1.141,5.881,1.786,-5.881,3,3,2,False,False,False,False
106,1.071,1.444,5.762,1.748,-5.762,4,3,2,False,False,False,False
107,1.007,1.747,5.643,1.861,-5.643,5,3,2,False,False,False,False
108,0.943,2.050,5.538,2.066,-5.538,6,3,2,False,False,False,False
109,0.878,2.354,5.435,2.265,-5.435,7,3,2,False,False,False,False
110,0.814,2.657,5.331,2.426,-5.331,8,3,2,False,False,False,False
111,0.749,2.960,5.245,2.493,-5.245,9,3,2,False,False,False,False
112,0.685,3.263,5.166,2.406,-5.166,10,3,2,False,False,False,False
113,0.620,3.566,5.087,2.234,-5.087,11,3,2,False,False,False,False
114,0.556,3.870,5.024,1.994,-5.024,12,3,2,False,False,False,False
115,0.491,4.173,4.979,1.746,-4.979,13,3,2,False,False,False,False
116,0.427,4.476,4.934,1.508,-4.934,14,3,2,False,False,False,False
117,0.362,4.779,4.896,1.275,-4.896,15,3,2,False,False,False,False
118,0.298,5.083,4.895,1.119,-4.895,16,3,1,False,False,False,False
119,0.234,5.386,4.894,1.007,-4.894,17,3,1,False,False,False,False
120,0.169,5.689,4.894,0.819,-4.894,18,3,1,False,False,False,False
121,0.105,5.992,4.929,0.689,-4.929,19,3,1,False,False,False,False
122,0.040,6.296,4.973,0.516,-4.973,20,3,1,False,False,False,False
123,-0.024,6.599,5.017,0.341,-5.017,21,3,1,False,False,False,False
124,-0.089,6.902,5.078,0.249,-5.078,22,3,1,False,False,False,False
125,-0.153,7.205,5.157,0.303,-5.157,23,3,1,False,False,False,False
126,-0.218,7.508,5.237,0.444,-5.237,24,3,1,False,False,False,False
127,-0.282,7.812,5.323,0.552,-5.323,25,3,1,False,False,False,False
128,-0.347,8.115,5.427,0.741,-5.427,26,3,1,False,False,False,False
129,-0.411,8.418,5.532,0.977,-5.532,27,3,1,False,False,False,False
130,-0.475,8.721,5.639,1.202,-5.639,28,3,1,False,False,False,False
131,-0.540,9.025,5.760,1.463,-5.760,29,3,1,False,False,False,False
132,-0.604,9.328,5.882,1.720,-5.882,30,3,1,False,False,False,False
133,-0.669,9.631,6.003,2.011,-6.003,31,3,1,False,False,False,False
134,-0.733,9.934,6.133,2.396,-6.133,32,3,1,False,False,False,False
135,-0.798,10.237,6.262,2.756,-6.262,33,3,1,False,False,False,False
136,1.558,1.321,5.823,1.719,-5.823,4,4,2,False,False,False,False
137,1.493,1.624,5.705,1.864,-5.705,5,4,2,False,False,False,False
138,1.429,1.928,5.592,2.084,-5.592,6,4,2,False,False,False,False
139,1.364,2.231,5.490,2.331,-5.490,7,4,2,False,False,False,False
140,1.300,2.534,5.387,2.506,-5.387,8,4,2,False,False,False,False
141,1.235,2.837,5.288,2.534,-5.288,9,4,2,False,False,False,False
142,1.171,3.141,5.209,2.482,-5.209,10,4,2,False,False,False,False
143,1.106,3.444,5.131,2.351,-5.131,11,4,2,False,False,False,False
144,1.042,3.747,5.052,2.135,-5.052,12,4,2,False,False,False,False
145,0.978,4.050,5.004,1.831,-5.004,13,4,2,False,False,False,False
146,0.913,4.353,4.959,1.514,-4.959,14,4,2,False,False,False,False
147,0.849,4.657,4.915,1.218,-4.915,15,4,2,False,False,False,False
148,0.784,4.960,4.896,1.010,-4.896,16,4,2,False,False,False,False
149,0.720,5.263,4.895,0.876,-4.895,17,4,1,False,False,False,False
150,0.655,5.566,4.894,0.804,-4.894,18,4,1,False,False,False,False
151,0.591,5.870,4.904,0.729,-4.904,19,4,1,False,False,False,False
152,0.526,6.173,4.947,0.653,-4.947,20,4,1,False,False,False,False
153,0.462,6.476,4.991,0.525,-4.991,21,4,1,False,False,False,False
154,0.397,6.779,5.034,0.347,-5.034,22,4,1,False,False,False,False
155,0.333,7.082,5.110,0.461,-5.110,23,4,1,False,False,False,False
156,0.269,7.386,5.188,0.641,-5.188,24,4,1,False,False,False,False
157,0.204,7.689,5.267,0.859,-5.267,25,4,1,False,False,False,False
158,0.140,7.992,5.363,1.012,-5.363,26,4,1,False,False,False,False
159,0.075,8.295,5.467,1.130,-5.467,27,4,1,False,False,False,False
160,0.011,8.599,5.572,1.240,-5.572,28,4,1,False,False,False,False
161,-0.054,8.902,5.685,1.388,-5.685,29,4,1,False,False,False,False
162,-0.118,9.205,5.805,1.563,-5.805,30,4,1,False,False,False,False
163,-0.183,9.508,5.926,1.756,-5.926,31,4,1,False,False,False,False
164,-0.247,9.811,6.050,2.050,-6.050,32,4,1,False,False,False,False
165,-0.312,10.115,6.179,2.340,-6.179,33,4,1,False,False,False,False
166,1.913,1.812,5.651,1.875,-5.651,5,5,2,False,False,False,False
167,1.849,2.116,5.546,2.187,-5.546,6,5,2,False,False,False,False
168,1.784,2.419,5.442,2.395,-5.442,7,5,2,False,False,False,False
169,1.720,2.722,5.339,2.491,-5.339,8,5,2,False,False,False,False
170,1.655,3.025,5.251,2.492,-5.251,9,5,2,False,False,False,False
171,1.591,3.329,5.172,2.418,-5.172,10,5,2,False,False,False,False
172,1.526,3.632,5.094,2.255,-5.094,11,5,2,False,False,False,False
173,1.462,3.935,5.028,2.004,-5.028,12,5,2,False,False,False,False
174,1.398,4.238,4.984,1.678,-4.984,13,5,2,False,False,False,False
175,1.333,4.542,4.939,1.319,-4.939,14,5,2,False,False,False,False
176,1.269,4.845,4.896,0.955,-4.896,15,5,2,False,False,False,False
177,1.204,5.148,4.895,0.759,-4.895,16,5,2,False,False,False,False
178,1.140,5.451,4.894,0.656,-4.894,17,5,1,False,False,False,False
179,1.075,5.754,4.893,0.595,-4.893,18,5,1,False,False,False,False
180,1.011,6.058,4.922,0.567,-4.922,19,5,1,False,False,False,False
181,0.946,6.361,4.966,0.464,-4.966,20,5,1,False,False,False,False
182,0.882,6.664,5.009,0.340,-5.009,21,5,1,False,False,False,False
183,0.818,6.967,5.065,0.356,-5.065,22,5,1,False,False,False,False
184,0.753,7.271,5.143,0.617,-5.143,23,5,1,False,False,False,False
185,0.689,7.574,5.221,0.929,-5.221,24,5,1,False,False,False,False
186,0.624,7.877,5.302,1.142,-5.302,25,5,1,False,False,False,False
187,0.560,8.180,5.406,1.350,-5.406,26,5,1,False,False,False,False
188,0.495,8.483,5.510,1.462,-5.510,27,5,1,False,False,False,False
189,0.431,8.787,5.614,1.555,-5.614,28,5,1,False,False,False,False
190,0.366,9.090,5.732,1.700,-5.732,29,5,1,False,False,False,False
191,0.302,9.393,5.853,1.878,-5.853,30,5,1,False,False,False,False
192,0.237,9.696,5.973,2.134,-5.973,31,5,1,False,False,False,False
193,0.173,10.000,6.100,2.441,-6.100,32,5,1,False,False,False,False
194,0.109,10.303,6.228,2.680,-6.228,33,5,1,False,False,False,False
195,2.386,1.753,5.694,1.583,-5.694,5,6,2,False,False,False,False
196,2.322,2.056,5.584,1.913,-5.584,6,6,2,False,False,False,False
197,2.257,2.359,5.482,2.197,-5.482,7,6,2,False,False,False,False
198,2.193,2.662,5.379,2.372,-5.379,8,6,2,False,False,False,False
199,2.128,2.965,5.283,2.420,-5.283,9,6,2,False,False,False,False
200,2.064,3.269,5.204,2.380,-5.204,10,6,2,False,False,False,False
201,1.999,3.572,5.125,2.264,-5.125,11,6,2,False,False,False,False
202,1.935,3.875,5.047,2.052,-5.047,12,6,2,False,False,False,False
203,1.870,4.178,5.001,1.785,-5.001,13,6,2,False,False,False,False
204,1.806,4.482,4.956,1.434,-4.956,14,6,2,False,False,False,False
205,1.741,4.785,4.912,1.035,-4.912,15,6,2,False,False,False,False
206,1.677,5.088,4.895,0.729,-4.895,16,6,2,False,False,False,False
207,1.613,5.391,4.895,0.527,-4.895,17,6,1,False,False,False,False
208,1.548,5.694,4.894,0.425,-4.894,18,6,1,False,False,False,False
209,1.484,5.998,4.906,0.369,-4.906,19,6,1,False,False,False,False
210,1.419,6.301,4.949,0.305,-4.949,20,6,1,False,False,False,False
211,1.355,6.604,4.992,0.222,-4.992,21,6,1,False,False,False,False
212,1.290,6.907,5.035,0.153,-5.035,22,6,1,False,False,False,False
213,1.226,7.211,5.112,0.409,-5.112,23,6,1,False,False,False,False
214,1.161,7.514,5.189,0.750,-5.189,24,6,1,False,False,False,False
215,1.097,7.817,5.267,1.082,-5.267,25,6,1,False,False,False,False
216,1.032,8.120,5.363,1.413,-5.363,26,6,1,False,False,False,False
217,0.968,8.424,5.466,1.746,-5.466,27,6,1,False,False,False,False
218,0.904,8.727,5.570,1.980,-5.570,28,6,1,False,False,False,False
219,0.839,9.030,5.681,2.083,-5.681,29,6,1,False,False,False,False
220,0.775,9.333,5.801,2.121,-5.801,30,6,1,False,False,False,False
221,0.710,9.636,5.921,2.225,-5.921,31,6,1,False,False,False,False
222,0.646,9.940,6.044,2.476,-6.044,32,6,1,False,False,False,False
223,0.581,10.243,6.171,2.776,-6.171,33,6,1,False,False,False,False
224,2.792,2.006,5.634,1.443,-5.634,5,7,2,False,False,False,False
225,2.728,2.309,5.529,1.749,-5.529,6,7,2,False,False,False,False
226,2.663,2.612,5.425,2.012,-5.425,7,7,2,False,False,False,False
227,2.599,2.916,5.320,2.133,-5.320,8,7,2,False,False,False,False
228,2.534,3.219,5.237,2.185,-5.237,9,7,2,False,False,False,False
229,2.470,3.522,5.156,2.152,-5.156,10,7,2,False,False,False,False
230,2.405,3.825,5.076,2.018,-5.076,11,7,2,False,False,False,False
231,2.341,4.129,5.020,1.781,-5.020,12,7,2,False,False,False,False
232,2.277,4.432,4.974,1.451,-4.974,13,7,2,False,False,False,False
233,2.212,4.735,4.929,1.071,-4.929,14,7,2,False,False,False,False
234,2.148,5.038,4.898,0.707,-4.898,15,7,2,False,False,False,False
235,2.083,5.341,4.895,0.432,-4.895,16,7,2,False,False,False,False
236,2.019,5.645,4.893,0.296,-4.893,17,7,1,False,False,False,False
237,1.954,5.948,4.892,0.215,-4.892,18,7,1,False,False,False,False
238,1.890,6.251,4.931,0.157,-4.931,19,7,1,False,False,False,False
239,1.825,6.554,4.973,0.096,-4.973,20,7,1,False,False,False,False
240,1.761,6.858,5.016,0.059,-5.016,21,7,1,False,False,False,False
241,1.696,7.161,5.080,0.228,-5.080,22,7,1,False,False,False,False
242,1.632,7.464,5.157,0.497,-5.157,23,7,1,False,False,False,False
243,1.568,7.767,5.235,0.858,-5.235,24,7,1,False,False,False,False
244,1.503,8.070,5.321,1.274,-5.321,25,7,1,False,False,False,False
245,1.439,8.374,5.424,1.811,-5.424,26,7,1,False,False,False,False
246,1.374,8.677,5.528,2.145,-5.528,27,7,1,False,False,False,False
247,1.310,8.980,5.633,2.324,-5.633,28,7,1,False,False,False,False
248,1.245,9.283,5.752,2.371,-5.752,29,7,1,False,False,False,False
249,1.181,9.587,5.872,2.305,-5.872,30,7,1,False,False,False,False
250,1.116,9.890,5.992,2.397,-5.992,31,7,1,False,False,False,False
251,1.052,10.193,6.119,2.660,-6.119,32,7,1,False,False,False,False
252,0.988,10.496,6.247,2.936,-6.247,33,7,1,False,False,False,False
253,3.585,0.442,6.313,0.589,-6.313,0,8,2,False,False,False,False
254,3.520,0.746,6.185,0.687,-6.185,1,8,2,False,False,False,False
255,3.456,1.049,6.057,0.735,-6.057,2,8,2,False,False,False,False
256,3.391,1.352,5.934,0.767,-5.934,3,8,2,False,False,False,False
257,3.327,1.655,5.814,0.830,-5.814,4,8,2,False,False,False,False
258,3.262,1.959,5.693,0.948,-5.693,5,8,2,False,False,False,False
259,3.198,2.262,5.581,1.150,-5.581,6,8,2,False,False,False,False
260,3.133,2.565,5.477,1.418,-5.477,7,8,2,False,False,False,False
261,3.069,2.868,5.372,1.594,-5.372,8,8,2,False,False,False,False
262,3.004,3.171,5.277,1.714,-5.277,9,8,2,False,False,False,False
263,2.940,3.475,5.197,1.771,-5.197,10,8,2,False,False,False,False
264,2.876,3.778,5.117,1.736,-5.117,11,8,2,False,False,False,False
265,2.811,4.081,5.043,1.561,-5.043,12,8,2,False,False,False,False
266,2.747,4.384,4.996,1.300,-4.996,13,8,2,False,False,False,False
267,2.682,4.688,4.950,0.988,-4.950,14,8,2,False,False,False,False
268,2.618,4.991,4.904,0.675,-4.904,15,8,2,False,False,False,False
269,2.553,5.294,4.897,0.419,-4.897,16,8,2,False,False,False,False
270,2.489,5.597,4.894,0.305,-4.894,17,8,1,False,False,False,False
271,2.424,5.901,4.892,0.199,-4.892,18,8,1,False,False,False,False
272,2.360,6.204,4.914,0.125,-4.914,19,8,1,False,False,False,False
273,2.296,6.507,4.956,0.063,-4.956,20,8,1,False,False,False,False
274,2.231,6.810,4.998,0.020,-4.998,21,8,1,False,False,False,False
275,2.167,7.113,5.048,0.079,-5.048,22,8,1,False,False,False,False
276,2.102,7.417,5.125,0.269,-5.125,23,8,1,False,False,False,False
277,2.038,7.720,5.202,0.564,-5.202,24,8,1,False,False,False,False
278,1.973,8.023,5.280,0.959,-5.280,25,8,1,False,False,False,False
279,1.909,8.326,5.381,1.534,-5.381,26,8,1,False,False,False,False
280,1.844,8.630,5.484,1.942,-5.484,27,8,1,False,False,False,False
281,1.780,8.933,5.587,2.183,-5.587,28,8,1,False,False,False,False
282,3.990,0.700,6.249,0.427,-6.249,0,9,2,False,False,False,False
283,3.925,1.003,6.122,0.479,-6.122,1,9,2,False,False,False,False
284,3.861,1.307,5.995,0.505,-5.995,2,9,2,False,False,False,False
285,3.796,1.610,5.875,0.529,-5.875,3,9,2,False,False,False,False
286,3.732,1.913,5.755,0.575,-5.755,4,9,2,False,False,False,False
287,3.668,2.216,5.635,0.666,-5.635,5,9,2,False,False,False,False
288,3.603,2.520,5.531,0.817,-5.531,6,9,2,False,False,False,False
289,3.539,2.823,5.426,0.977,-5.426,7,9,2,False,False,False,False
290,3.474,3.126,5.321,1.118,-5.321,8,9,2,False,False,False,False
291,3.410,3.429,5.238,1.224,-5.238,9,9,2,False,False,False,False
292,3.345,3.732,5.158,1.262,-5.158,10,9,2,False,False,False,False
293,3.281,4.036,5.077,1.147,-5.077,11,9,2,False,False,False,False
294,3.216,4.339,5.020,0.987,-5.020,12,9,2,False,False,False,False
295,3.152,4.642,4.974,0.775,-4.974,13,9,2,False,False,False,False
296,3.087,4.945,4.927,0.586,-4.927,14,9,2,False,False,False,False
297,3.023,5.249,4.899,0.488,-4.899,15,9,2,False,False,False,False
298,2.959,5.552,4.896,0.433,-4.896,16,9,2,False,False,False,False
299,2.894,5.855,4.893,0.345,-4.893,17,9,1,False,False,False,False
300,2.830,6.158,4.893,0.231,-4.893,18,9,1,False,False,False,False
301,2.765,6.461,4.935,0.136,-4.935,19,9,1,False,False,False,False
302,2.701,6.765,4.976,0.052,-4.976,20,9,1,False,False,False,False
303,2.636,7.068,5.018,0.024,-5.018,21,9,1,False,False,False,False
304,2.572,7.371,5.087,0.105,-5.087,22,9,1,False,False,False,False
305,2.507,7.674,5.164,0.289,-5.164,23,9,1,False,False,False,False
306,2.443,7.978,5.242,0.549,-5.242,24,9,1,False,False,False,False
307,2.379,8.281,5.331,0.880,-5.331,25,9,1,False,False,False,False
308,2.314,8.584,5.435,1.269,-5.435,26,9,1,False,False,False,False
309,2.250,8.887,5.538,1.616,-5.538,27,9,1,False,False,False,False
310,2.185,9.191,5.646,1.838,-5.646,28,9,1,False,False,False,False
311,4.459,0.656,6.313,0.264,-6.313,0,10,2,False,False,False,False
312,4.395,0.959,6.186,0.303,-6.186,1,10,2,False,False,False,False
313,4.330,1.262,6.059,0.315,-6.059,2,10,2,False,False,False,False
314,4.266,1.566,5.936,0.326,-5.936,3,10,2,False,False,False,False
315,4.201,1.869,5.816,0.335,-5.816,4,10,2,False,False,False,False
316,4.137,2.172,5.696,0.359,-5.696,5,10,2,False,False,False,False
317,4.073,2.475,5.584,0.413,-5.584,6,10,2,False,False,False,False
318,4.008,2.778,5.480,0.489,-5.480,7,10,2,False,False,False,False
319,3.944,3.082,5.376,0.581,-5.376,8,10,2,False,False,False,False
320,3.879,3.385,5.280,0.690,-5.280,9,10,2,False,False,False,False
321,3.815,3.688,5.200,0.756,-5.200,10,10,2,False,False,False,False
322,3.750,3.991,5.120,0.714,-5.120,11,10,2,False,False,False,False
323,3.686,4.295,5.045,0.688,-5.045,12,10,2,False,False,False,False
324,3.621,4.598,4.999,0.598,-4.999,13,10,2,False,False,False,False
325,3.557,4.901,4.952,0.530,-4.952,14,10,2,False,False,False,False
326,3.493,5.204,4.906,0.541,-4.906,15,10,2,False,False,False,False
327,3.428,5.507,4.897,0.561,-4.897,16,10,2,False,False,False,False
328,3.364,5.811,4.894,0.547,-4.894,17,10,1,False,False,False,False
329,3.299,6.114,4.891,0.478,-4.891,18,10,1,False,False,False,False
330,3.235,6.417,4.913,0.349,-4.913,19,10,1,False,False,False,False
331,3.170,6.720,4.955,0.223,-4.955,20,10,1,False,False,False,False
332,3.106,7.024,4.997,0.127,-4.997,21,10,1,False,False,False,False
333,3.041,7.327,5.047,0.092,-5.047,22,10,1,False,False,False,False
334,2.977,7.630,5.125,0.160,-5.125,23,10,1,False,False,False,False
335,2.912,7.933,5.202,0.287,-5.202,24,10,1,False,False,False,False
336,2.848,8.237,5.279,0.451,-5.279,25,10,1,False,False,False,False
337,2.784,8.540,5.382,0.675,-5.382,26,10,1,False,False,False,False
338,2.719,8.843,5.486,0.954,-5.486,27,10,1,False,False,False,False
339,2.655,9.146,5.589,1.258,-5.589,28,10,1,False,False,False,False
340,4.864,0.916,6.250,0.269,-6.250,0,11,2,False,False,False,False
341,4.800,1.219,6.123,0.253,-6.123,1,11,2,False,False,False,False
342,4.735,1.522,5.996,0.231,-5.996,2,11,2,False,False,False,False
343,4.671,1.825,5.877,0.215,-5.877,3,11,2,False,False,False,False
344,4.606,2.129,5.758,0.195,-5.758,4,11,2,False,False,False,False
345,4.542,2.432,5.638,0.186,-5.638,5,11,2,False,False,False,False
346,4.477,2.735,5.534,0.203,-5.534,6,11,2,False,False,False,False
347,4.413,3.038,5.430,0.233,-5.430,7,11,2,False,False,False,False
348,4.349,3.342,5.326,0.274,-5.326,8,11,2,False,False,False,False
349,4.284,3.645,5.242,0.339,-5.242,9,11,2,False,False,False,False
350,4.220,3.948,5.162,0.368,-5.162,10,11,2,False,False,False,False
351,4.155,4.251,5.082,0.411,-5.082,11,11,2,False,False,False,False
352,4.091,4.554,5.023,0.421,-5.023,12,11,2,False,False,False,False
353,4.026,4.858,4.977,0.467,-4.977,13,11,2,False,False,False,False
354,3.962,5.161,4.931,0.544,-4.931,14,11,2,False,False,False,False
355,3.897,5.464,4.899,0.608,-4.899,15,11,2,False,False,False,False
356,3.833,5.767,4.896,0.658,-4.896,16,11,2,False,False,False,False
357,3.768,6.071,4.893,0.649,-4.893,17,11,1,False,False,False,False
358,3.704,6.374,4.890,0.537,-4.890,18,11,1,False,False,False,False
359,3.640,6.677,4.932,0.450,-4.932,19,11,1,False,False,False,False
360,3.575,6.980,4.973,0.358,-4.973,20,11,1,False,False,False,False
361,3.511,7.283,5.015,0.276,-5.015,21,11,1,False,False,False,False
362,3.446,7.587,5.081,0.224,-5.081,22,11,1,False,False,False,False
363,3.382,7.890,5.158,0.181,-5.158,23,11,1,False,False,False,False
364,3.317,8.193,5.236,0.216,-5.236,24,11,1,False,False,False,False
365,3.253,8.496,5.324,0.340,-5.324,25,11,1,False,False,False,False
366,3.188,8.800,5.428,0.527,-5.428,26,11,1,False,False,False,False
367,3.124,9.103,5.531,0.795,-5.531,27,11,1,False,False,False,False
368,3.059,9.406,5.639,1.132,-5.639,28,11,1,False,False,False,False
369,2.995,9.709,5.759,1.486,-5.759,29,11,1,False,False,False,False
370,2.931,10.013,5.880,1.837,-5.880,30,11,1,False,False,False,False
371,5.333,0.873,6.313,0.439,-6.313,0,12,2,False,False,False,False
372,5.269,1.177,6.187,0.352,-6.187,1,12,2,False,False,False,False
373,5.204,1.480,6.060,0.293,-6.060,2,12,2,False,False,False,False
374,5.140,1.783,5.938,0.232,-5.938,3,12,2,False,False,False,False
375,5.075,2.086,5.819,0.166,-5.819,4,12,2,False,False,False,False
376,5.011,2.389,5.700,0.112,-5.700,5,12,2,False,False,False,False
377,4.946,2.693,5.588,0.082,-5.588,6,12,2,False,False,False,False
378,4.882,2.996,5.484,0.071,-5.484,7,12,2,False,False,False,False
379,4.818,3.299,5.380,0.079,-5.380,8,12,2,False,False,False,False
380,4.753,3.602,5.283,0.105,-5.283,9,12,2,False,False,False,False
381,4.689,3.906,5.204,0.155,-5.204,10,12,2,False,False,False,False
382,4.624,4.209,5.125,0.203,-5.125,11,12,2,False,False,False,False
383,4.560,4.512,5.047,0.255,-5.047,12,12,2,False,False,False,False
384,4.495,4.815,5.002,0.346,-5.002,13,12,2,False,False,False,False
385,4.431,5.118,4.956,0.452,-4.956,14,12,2,False,False,False,False
386,4.366,5.422,4.909,0.543,-4.909,15,12,2,False,False,False,False
387,4.302,5.725,4.897,0.630,-4.897,16,12,2,False,False,False,False
388,4.237,6.028,4.895,0.656,-4.895,17,12,1,False,False,False,False
389,4.173,6.331,4.892,0.612,-4.892,18,12,1,False,False,False,False
390,4.109,6.635,4.909,0.583,-4.909,19,12,1,False,False,False,False
391,4.044,6.938,4.950,0.539,-4.950,20,12,1,False,False,False,False
392,3.980,7.241,4.992,0.511,-4.992,21,12,1,False,False,False,False
393,3.915,7.544,5.038,0.419,-5.038,22,12,1,False,False,False,False
394,3.851,7.848,5.115,0.328,-5.115,23,12,1,False,False,False,False
395,3.786,8.151,5.193,0.229,-5.193,24,12,1,False,False,False,False
396,3.722,8.454,5.270,0.186,-5.270,25,12,1,False,False,False,False
397,3.657,8.757,5.369,0.276,-5.369,26,12,1,False,False,False,False
398,3.593,9.060,5.473,0.473,-5.473,27,12,1,False,False,False,False
399,3.529,9.364,5.576,0.751,-5.576,28,12,1,False,False,False,False
400,3.464,9.667,5.690,1.088,-5.690,29,12,1,False,False,False,False
401,3.400,9.970,5.810,1.458,-5.810,30,12,1,False,False,False,False
402,3.335,10.273,5.931,1.848,-5.931,31,12,1,False,False,False,False
403,3.271,10.577,6.055,2.262,-6.055,32,12,1,False,False,False,False
404,3.206,10.880,6.184,2.666,-6.184,33,12,1,False,False,False,False
405,5.738,1.135,6.251,0.708,-6.251,0,13,2,False,False,False,False
406,5.673,1.439,6.124,0.553,-6.124,1,13,2,False,False,False,False
407,5.609,1.742,5.998,0.413,-5.998,2,13,2,False,False,False,False
408,5.544,2.045,5.879,0.286,-5.879,3,13,2,False,False,False,False
409,5.480,2.348,5.761,0.178,-5.761,4,13,2,False,False,False,False
410,5.415,2.652,5.642,0.098,-5.642,5,13,2,False,False,False,False
411,5.351,2.955,5.537,0.047,-5.537,6,13,2,False,False,False,False
412,5.286,3.258,5.434,0.033,-5.434,7,13,2,False,False,False,False
413,5.222,3.561,5.330,0.028,-5.330,8,13,2,False,False,False,False
414,5.157,3.864,5.246,0.049,-5.246,9,13,2,False,False,False,False
415,5.093,4.168,5.167,0.085,-5.167,10,13,2,False,False,False,False
416,5.029,4.471,5.087,0.129,-5.087,11,13,2,False,False,False,False
417,4.964,4.774,5.026,0.201,-5.026,12,13,2,False,False,False,False
418,4.900,5.077,4.980,0.290,-4.980,13,13,2,False,False,False,False
419,4.835,5.381,4.934,0.398,-4.934,14,13,2,False,False,False,False
420,4.771,5.684,4.899,0.498,-4.899,15,13,2,False,False,False,False
421,4.706,5.987,4.896,0.566,-4.896,16,13,1,False,False,False,False
422,4.642,6.290,4.893,0.616,-4.893,17,13,1,False,False,False,False
423,4.577,6.593,4.891,0.626,-4.891,18,13,1,False,False,False,False
424,4.513,6.897,4.928,0.659,-4.928,19,13,1,False,False,False,False
425,4.448,7.200,4.969,0.672,-4.969,20,13,1,False,False,False,False
426,4.384,7.503,5.011,0.606,-5.011,21,13,1,False,False,False,False
427,4.320,7.806,5.072,0.505,-5.072,22,13,1,False,False,False,False
428,4.255,8.110,5.149,0.383,-5.149,23,13,1,False,False,False,False
429,4.191,8.413,5.226,0.254,-5.226,24,13,1,False,False,False,False
430,4.126,8.716,5.311,0.257,-5.311,25,13,1,False,False,False,False
431,4.062,9.019,5.414,0.385,-5.414,26,13,1,False,False,False,False
432,3.997,9.322,5.517,0.600,-5.517,27,13,1,False,False,False,False
433,3.933,9.626,5.621,0.889,-5.621,28,13,1,False,False,False,False
434,3.868,9.929,5.741,1.248,-5.741,29,13,1,False,False,False,False
435,3.804,10.232,5.861,1.667,-5.861,30,13,1,False,False,False,False
436,3.740,10.535,5.981,2.088,-5.981,31,13,1,False,False,False,False
437,3.675,10.839,6.109,2.506,-6.109,32,13,1,False,False,False,False
438,3.611,11.142,6.237,2.883,-6.237,33,13,1,False,False,False,False
439,6.206,1.096,6.314,1.189,-6.314,0,14,3,False,False,False,False
440,6.142,1.399,6.188,1.032,-6.188,1,14,3,False,False,False,False
441,6.077,1.702,6.062,0.823,-6.062,2,14,3,False,False,False,False
442,6.013,2.005,5.940,0.609,-5.940,3,14,3,False,False,False,False
443,5.948,2.309,5.822,0.429,-5.822,4,14,3,False,False,False,False
444,5.884,2.612,5.703,0.266,-5.703,5,14,3,False,False,False,False
445,5.819,2.915,5.590,0.166,-5.590,6,14,3,False,False,False,False
446,5.755,3.218,5.487,0.106,-5.487,7,14,3,False,False,False,False
447,5.690,3.521,5.384,0.065,-5.384,8,14,3,False,False,False,False
448,5.626,3.825,5.287,0.035,-5.287,9,14,3,False,False,False,False
449,5.562,4.128,5.208,0.038,-5.208,10,14,3,False,False,False,False
450,5.497,4.431,5.129,0.054,-5.129,11,14,3,False,False,False,False
451,5.433,4.734,5.050,0.086,-5.050,12,14,3,False,False,False,False
452,5.368,5.038,5.004,0.161,-5.004,13,14,3,False,False,False,False
453,5.304,5.341,4.959,0.239,-4.959,14,14,3,False,False,False,False
454,5.239,5.644,4.913,0.333,-4.913,15,14,3,False,False,False,False
455,5.175,5.947,4.897,0.465,-4.897,16,14,3,False,False,False,False
456,5.110,6.251,4.895,0.594,-4.895,17,14,0,False,False,False,False
457,5.046,6.554,4.892,0.682,-4.892,18,14,0,False,False,False,False
458,4.981,6.857,4.905,0.757,-4.905,19,14,0,False,False,False,False
459,4.917,7.160,4.946,0.803,-4.946,20,14,0,False,False,False,False
460,4.853,7.463,4.988,0.776,-4.988,21,14,0,False,False,False,False
461,4.788,7.767,5.030,0.676,-5.030,22,14,0,False,False,False,False
462,4.724,8.070,5.107,0.553,-5.107,23,14,0,False,False,False,False
463,4.659,8.373,5.183,0.378,-5.183,24,14,0,False,False,False,False
464,4.595,8.676,5.260,0.270,-5.260,25,14,0,False,False,False,False
465,4.530,8.980,5.356,0.349,-5.356,26,14,0,False,False,False,False
466,4.466,9.283,5.459,0.502,-5.459,27,14,0,False,False,False,False
467,4.401,9.586,5.562,0.761,-5.562,28,14,0,False,False,False,False
468,4.337,9.889,5.673,1.107,-5.673,29,14,0,False,False,False,False
469,4.272,10.192,5.793,1.502,-5.793,30,14,0,False,False,False,False
470,4.208,10.496,5.912,1.924,-5.912,31,14,0,False,False,False,False
471,4.144,10.799,6.035,2.340,-6.035,32,14,0,False,False,False,False
472,4.079,11.102,6.163,2.712,-6.163,33,14,0,False,False,False,False
473,6.610,1.361,6.252,1.555,-6.252,0,15,3,False,False,False,False
474,6.545,1.664,6.125,1.339,-6.125,1,15,3,False,False,False,False
475,6.481,1.967,6.000,1.111,-6.000,2,15,3,False,False,False,False
476,6.416,2.271,5.881,0.883,-5.881,3,15,3,False,False,False,False
477,6.352,2.574,5.763,0.649,-5.763,4,15,3,False,False,False,False
478,6.287,2.877,5.644,0.441,-5.644,5,15,3,False,False,False,False
479,6.223,3.180,5.540,0.302,-5.540,6,15,3,False,False,False,False
480,6.159,3.484,5.437,0.198,-5.437,7,15,3,False,False,False,False
481,6.094,3.787,5.334,0.101,-5.334,8,15,3,False,False,False,False
482,6.030,4.090,5.249,0.056,-5.249,9,15,3,False,False,False,False
483,5.965,4.393,5.170,0.040,-5.170,10,15,3,False,False,False,False
484,5.901,4.696,5.091,0.033,-5.091,11,15,3,False,False,False,False
485,5.836,5.000,5.028,0.064,-5.028,12,15,3,False,False,False,False
486,5.772,5.303,4.983,0.119,-4.983,13,15,3,False,False,False,False
487,5.707,5.606,4.937,0.190,-4.937,14,15,3,False,False,False,False
488,5.643,5.909,4.899,0.280,-4.899,15,15,3,False,False,False,False
489,5.578,6.213,4.896,0.448,-4.896,16,15,0,False,False,False,False
490,5.514,6.516,4.894,0.606,-4.894,17,15,0,False,False,False,False
491,5.450,6.819,4.891,0.717,-4.891,18,15,0,False,False,False,False
492,5.385,7.122,4.924,0.833,-4.924,19,15,0,False,False,False,False
493,5.321,7.426,4.965,0.880,-4.965,20,15,0,False,False,False,False
494,5.256,7.729,5.007,0.835,-5.007,21,15,0,False,False,False,False
495,5.192,8.032,5.064,0.734,-5.064,22,15,0,False,False,False,False
496,5.127,8.335,5.141,0.576,-5.141,23,15,0,False,False,False,False
497,5.063,8.638,5.218,0.417,-5.218,24,15,0,False,False,False,False
498,4.998,8.942,5.299,0.354,-5.299,25,15,0,False,False,False,False
499,4.934,9.245,5.401,0.406,-5.401,26,15,0,False,False,False,False
500,4.869,9.548,5.503,0.598,-5.503,27,15,0,False,False,False,False
501,4.805,9.851,5.606,0.892,-5.606,28,15,0,False,False,False,False
502,4.741,10.155,5.724,1.253,-5.724,29,15,0,False,False,False,False
503,4.676,10.458,5.844,1.664,-5.844,30,15,0,False,False,False,False
504,4.612,10.761,5.964,2.102,-5.964,31,15,0,False,False,False,False
505,4.547,11.064,6.089,2.486,-6.089,32,15,0,False,False,False,False
506,4.483,11.367,6.217,2.855,-6.217,33,15,0,False,False,False,False
507,7.077,1.326,6.314,2.075,-6.314,0,16,3,False,False,False,False
508,7.013,1.630,6.189,1.902,-6.189,1,16,3,False,False,False,False
509,6.948,1.933,6.063,1.676,-6.063,2,16,3,False,False,False,False
510,6.884,2.236,5.941,1.427,-5.941,3,16,3,False,False,False,False
511,6.819,2.539,5.824,1.170,-5.824,4,16,3,False,False,False,False
512,6.755,2.842,5.705,0.892,-5.705,5,16,3,False,False,False,False
513,6.690,3.146,5.593,0.616,-5.593,6,16,3,False,False,False,False
514,6.626,3.449,5.490,0.402,-5.490,7,16,3,False,False,False,False
515,6.561,3.752,5.387,0.226,-5.387,8,16,3,False,False,False,False
516,6.497,4.055,5.289,0.118,-5.289,9,16,3,False,False,False,False
517,6.433,4.359,5.211,0.064,-5.211,10,16,3,False,False,False,False
518,6.368,4.662,5.132,0.027,-5.132,11,16,3,False,False,False,False
519,6.304,4.965,5.053,0.016,-5.053,12,16,3,False,False,False,False
520,6.239,5.268,5.006,0.055,-5.006,13,16,3,False,False,False,False
521,6.175,5.572,4.961,0.109,-4.961,14,16,3,False,False,False,False
522,6.110,5.875,4.916,0.168,-4.916,15,16,3,False,False,False,False
523,6.046,6.178,4.897,0.265,-4.897,16,16,3,False,False,False,False
524,5.981,6.481,4.895,0.401,-4.895,17,16,0,False,False,False,False
525,5.917,6.784,4.892,0.546,-4.892,18,16,0,False,False,False,False
526,5.853,7.088,4.902,0.700,-4.902,19,16,0,False,False,False,False
527,5.788,7.391,4.943,0.826,-4.943,20,16,0,False,False,False,False
528,5.724,7.694,4.984,0.873,-4.984,21,16,0,False,False,False,False
529,5.659,7.997,5.026,0.817,-5.026,22,16,0,False,False,False,False
530,5.595,8.301,5.099,0.699,-5.099,23,16,0,False,False,False,False
531,5.530,8.604,5.176,0.552,-5.176,24,16,0,False,False,False,False
532,5.466,8.907,5.252,0.422,-5.252,25,16,0,False,False,False,False
533,5.401,9.210,5.345,0.398,-5.345,26,16,0,False,False,False,False
534,5.337,9.513,5.447,0.540,-5.447,27,16,0,False,False,False,False
535,5.272,9.817,5.549,0.808,-5.549,28,16,0,False,False,False,False
536,5.208,10.120,5.658,1.156,-5.658,29,16,0,False,False,False,False
537,5.144,10.423,5.777,1.546,-5.777,30,16,0,False,False,False,False
538,5.079,10.726,5.897,1.948,-5.897,31,16,0,False,False,False,False
539,5.015,11.030,6.017,2.315,-6.017,32,16,0,False,False,False,False
540,4.950,11.333,6.145,2.678,-6.145,33,16,0,False,False,False,False
541,7.413,1.910,6.126,2.206,-6.126,1,17,3,False,False,False,False
542,7.349,2.213,6.000,1.900,-6.000,2,17,3,False,False,False,False
543,7.284,2.516,5.881,1.602,-5.881,3,17,3,False,False,False,False
544,7.220,2.819,5.762,1.293,-5.762,4,17,3,False,False,False,False
545,7.155,3.122,5.643,0.953,-5.643,5,17,3,False,False,False,False
546,7.091,3.426,5.539,0.635,-5.539,6,17,3,False,False,False,False
547,7.026,3.729,5.437,0.370,-5.437,7,17,3,False,False,False,False
548,6.962,4.032,5.334,0.200,-5.334,8,17,3,False,False,False,False
549,6.898,4.335,5.249,0.099,-5.249,9,17,3,False,False,False,False
550,6.833,4.639,5.171,0.041,-5.171,10,17,3,False,False,False,False
551,6.769,4.942,5.092,0.020,-5.092,11,17,3,False,False,False,False
552,6.704,5.245,5.029,0.046,-5.029,12,17,3,False,False,False,False
553,6.640,5.548,4.984,0.116,-4.984,13,17,3,False,False,False,False
554,6.575,5.851,4.938,0.197,-4.938,14,17,3,False,False,False,False
555,6.511,6.155,4.899,0.309,-4.899,15,17,3,False,False,False,False
556,6.446,6.458,4.896,0.531,-4.896,16,17,0,False,False,False,False
557,6.382,6.761,4.894,0.735,-4.894,17,17,0,False,False,False,False
558,6.318,7.064,4.891,0.897,-4.891,18,17,0,False,False,False,False
559,6.253,7.368,4.922,0.990,-4.922,19,17,0,False,False,False,False
560,6.189,7.671,4.964,0.991,-4.964,20,17,0,False,False,False,False
561,6.124,7.974,5.005,0.864,-5.005,21,17,0,False,False,False,False
562,6.060,8.277,5.061,0.733,-5.061,22,17,0,False,False,False,False
563,5.995,8.580,5.137,0.596,-5.137,23,17,0,False,False,False,False
564,5.931,8.884,5.213,0.494,-5.213,24,17,0,False,False,False,False
565,5.866,9.187,5.292,0.457,-5.292,25,17,0,False,False,False,False
566,5.802,9.490,5.394,0.594,-5.394,26,17,0,False,False,False,False
567,5.737,9.793,5.496,0.851,-5.496,27,17,0,False,False,False,False
568,5.673,10.097,5.599,1.186,-5.599,28,17,0,False,False,False,False
569,5.609,10.400,5.715,1.562,-5.715,29,17,0,False,False,False,False
570,5.544,10.703,5.834,1.943,-5.834,30,17,0,False,False,False,False
571,5.480,11.006,5.953,2.288,-5.953,31,17,0,False,False,False,False
572,5.415,11.310,6.077,2.607,-6.077,32,17,0,False,False,False,False
573,5.351,11.613,6.204,2.893,-6.204,33,17,0,False,False,False,False
574,7.940,1.596,6.313,2.838,-6.313,0,18,3,False,False,False,False
575,7.875,1.899,6.187,2.534,-6.187,1,18,3,False,False,False,False
576,7.811,2.203,6.061,2.203,-6.061,2,18,3,False,False,False,False
577,7.747,2.506,5.939,1.865,-5.939,3,18,3,False,False,False,False
578,7.682,2.809,5.821,1.530,-5.821,4,18,3,False,False,False,False
579,7.618,3.112,5.702,1.176,-5.702,5,18,3,False,False,False,False
580,7.553,3.415,5.590,0.818,-5.590,6,18,3,False,False,False,False
581,7.489,3.719,5.487,0.490,-5.487,7,18,3,False,False,False,False
582,7.424,4.022,5.383,0.273,-5.383,8,18,3,False,False,False,False
583,7.360,4.325,5.286,0.130,-5.286,9,18,3,False,False,False,False
584,7.295,4.628,5.207,0.057,-5.207,10,18,3,False,False,False,False
585,7.231,4.932,5.128,0.036,-5.128,11,18,3,False,False,False,False
586,7.166,5.235,5.049,0.069,-5.049,12,18,3,False,False,False,False
587,7.102,5.538,5.004,0.182,-5.004,13,18,3,False,False,False,False
588,7.038,5.841,4.959,0.339,-4.959,14,18,3,False,False,False,False
589,6.973,6.144,4.914,0.539,-4.914,15,18,3,False,False,False,False
590,6.909,6.448,4.897,0.950,-4.897,16,18,0,False,False,False,False
591,6.844,6.751,4.895,1.222,-4.895,17,18,0,False,False,False,False
592,6.780,7.054,4.892,1.369,-4.892,18,18,0,False,False,False,False
593,6.715,7.357,4.903,1.411,-4.903,19,18,0,False,False,False,False
594,6.651,7.661,4.944,1.378,-4.944,20,18,0,False,False,False,False
595,6.586,7.964,4.985,1.162,-4.985,21,18,0,False,False,False,False
596,6.522,8.267,5.027,0.909,-5.027,22,18,0,False,False,False,False
597,6.457,8.570,5.101,0.713,-5.101,23,18,0,False,False,False,False
598,6.393,8.873,5.177,0.598,-5.177,24,18,0,False,False,False,False
599,6.329,9.177,5.253,0.569,-5.253,25,18,0,False,False,False,False
600,6.264,9.480,5.345,0.683,-5.345,26,18,0,False,False,False,False
601,6.200,9.783,5.447,0.920,-5.447,27,18,0,False,False,False,False
602,6.135,10.086,5.549,1.224,-5.549,28,18,0,False,False,False,False
603,6.071,10.390,5.658,1.553,-5.658,29,18,0,False,False,False,False
604,6.006,10.693,5.776,1.919,-5.776,30,18,0,False,False,False,False
605,5.942,10.996,5.895,2.240,-5.895,31,18,0,False,False,False,False
606,5.877,11.299,6.015,2.521,-6.015,32,18,0,False,False,False,False
607,5.813,11.603,6.142,2.791,-6.142,33,18,0,False,False,False,False
608,8.337,1.893,6.251,2.786,-6.251,0,19,3,False,False,False,False
609,8.272,2.197,6.125,2.441,-6.125,1,19,3,False,False,False,False
610,8.208,2.500,5.999,2.088,-5.999,2,19,3,False,False,False,False
611,8.143,2.803,5.880,1.725,-5.880,3,19,3,False,False,False,False
612,8.079,3.106,5.761,1.347,-5.761,4,19,3,False,False,False,False
613,8.014,3.410,5.641,0.969,-5.641,5,19,3,False,False,False,False
614,7.950,3.713,5.537,0.624,-5.537,6,19,3,False,False,False,False
615,7.886,4.016,5.434,0.371,-5.434,7,19,3,False,False,False,False
616,7.821,4.319,5.331,0.184,-5.331,8,19,3,False,False,False,False
617,7.757,4.622,5.246,0.093,-5.246,9,19,3,False,False,False,False
618,7.692,4.926,5.167,0.071,-5.167,10,19,3,False,False,False,False
619,7.628,5.229,5.088,0.138,-5.088,11,19,3,False,False,False,False
620,7.563,5.532,5.027,0.290,-5.027,12,19,3,False,False,False,False
621,7.499,5.835,4.981,0.563,-4.981,13,19,3,False,False,False,False
622,7.434,6.139,4.935,0.925,-4.935,14,19,3,False,False,False,False
623,7.370,6.442,4.899,1.469,-4.899,15,19,3,False,False,False,False
624,7.305,6.745,4.896,1.720,-4.896,16,19,0,False,False,False,False
625,7.241,7.048,4.893,1.813,-4.893,17,19,0,False,False,False,False
626,7.177,7.352,4.891,1.797,-4.891,18,19,0,False,False,False,False
627,7.112,7.655,4.925,1.747,-4.925,19,19,0,False,False,False,False
628,7.048,7.958,4.966,1.591,-4.966,20,19,0,False,False,False,False
629,6.983,8.261,5.008,1.324,-5.008,21,19,0,False,False,False,False
630,6.919,8.564,5.065,1.087,-5.065,22,19,0,False,False,False,False
631,6.854,8.868,5.141,0.909,-5.141,23,19,0,False,False,False,False
632,6.790,9.171,5.218,0.887,-5.218,24,19,0,False,False,False,False
633,6.725,9.474,5.298,0.920,-5.298,25,19,0,False,False,False,False
634,6.661,9.777,5.400,1.067,-5.400,26,19,0,False,False,False,False
635,6.597,10.081,5.501,1.309,-5.501,27,19,0,False,False,False,False
636,6.532,10.384,5.603,1.588,-5.603,28,19,0,False,False,False,False
637,6.468,10.687,5.720,1.905,-5.720,29,19,0,False,False,False,False
638,6.403,10.990,5.839,2.193,-5.839,30,19,0,False,False,False,False
639,6.339,11.293,5.957,2.428,-5.957,31,19,0,False,False,False,False
640,6.274,11.597,6.082,2.664,-6.082,32,19,0,False,False,False,False
641,6.210,11.900,6.208,2.933,-6.208,33,19,0,False,False,False,False
642,8.797,1.890,6.314,2.950,-6.314,0,20,3,False,False,False,False
643,8.733,2.194,6.188,2.611,-6.188,1,20,3,False,False,False,False
644,8.669,2.497,6.062,2.270,-6.062,2,20,3,False,False,False,False
645,8.604,2.800,5.940,1.911,-5.940,3,20,3,False,False,False,False
646,8.540,3.103,5.822,1.540,-5.822,4,20,3,False,False,False,False
647,8.475,3.407,5.704,1.179,-5.704,5,20,3,False,False,False,False
648,8.411,3.710,5.591,0.853,-5.591,6,20,3,False,False,False,False
649,8.346,4.013,5.489,0.577,-5.489,7,20,3,False,False,False,False
650,8.282,4.316,5.385,0.355,-5.385,8,20,3,False,False,False,False
651,8.217,4.619,5.287,0.204,-5.287,9,20,3,False,False,False,False
652,8.153,4.923,5.208,0.163,-5.208,10,20,3,False,False,False,False
653,8.088,5.226,5.129,0.263,-5.129,11,20,3,False,False,False,False
654,8.024,5.529,5.050,0.475,-5.050,12,20,3,False,False,False,False
655,7.960,5.832,5.004,0.936,-5.004,13,20,3,False,False,False,False
656,7.895,6.136,4.958,1.513,-4.958,14,20,3,False,False,False,False
657,7.831,6.439,4.912,1.995,-4.912,15,20,3,False,False,False,False
658,7.766,6.742,4.898,2.256,-4.898,16,20,0,False,False,False,False
659,7.702,7.045,4.895,2.339,-4.895,17,20,0,False,False,False,False
660,7.637,7.348,4.892,2.306,-4.892,18,20,0,False,False,False,False
661,7.573,7.652,4.905,2.174,-4.905,19,20,0,False,False,False,False
662,7.508,7.955,4.946,2.001,-4.946,20,20,0,False,False,False,False
663,7.444,8.258,4.987,1.731,-4.987,21,20,0,False,False,False,False
664,7.379,8.561,5.028,1.456,-5.028,22,20,0,False,False,False,False
665,7.315,8.865,5.104,1.294,-5.104,23,20,0,False,False,False,False
666,7.251,9.168,5.181,1.325,-5.181,24,20,0,False,False,False,False
667,7.186,9.471,5.257,1.354,-5.257,25,20,0,False,False,False,False
668,7.122,9.774,5.351,1.438,-5.351,26,20,0,False,False,False,False
669,7.057,10.078,5.453,1.558,-5.453,27,20,0,False,False,False,False
670,6.993,10.381,5.555,1.751,-5.555,28,20,0,False,False,False,False
671,6.928,10.684,5.664,1.966,-5.664,29,20,0,False,False,False,False
672,6.864,10.987,5.783,2.177,-5.783,30,20,0,False,False,False,False
673,6.799,11.290,5.901,2.347,-5.901,31,20,0,False,False,False,False
674,6.735,11.594,6.022,2.539,-6.022,32,20,0,False,False,False,False
675,6.670,11.897,6.149,2.834,-6.149,33,20,0,False,False,False,False
676,9.193,2.193,6.252,2.659,-6.252,0,21,3,False,False,False,False
677,9.129,2.496,6.127,2.323,-6.127,1,21,3,False,False,False,False
678,9.064,2.799,6.001,1.982,-6.001,2,21,3,False,False,False,False
679,9.000,3.103,5.884,1.656,-5.884,3,21,3,False,False,False,False
680,8.935,3.406,5.765,1.339,-5.765,4,21,3,False,False,False,False
681,8.871,3.709,5.647,1.051,-5.647,5,21,3,False,False,False,False
682,8.806,4.012,5.542,0.802,-5.542,6,21,3,False,False,False,False
683,8.742,4.315,5.439,0.596,-5.439,7,21,3,False,False,False,False
684,8.678,4.619,5.336,0.442,-5.336,8,21,3,False,False,False,False
685,8.613,4.922,5.250,0.369,-5.250,9,21,3,False,False,False,False
686,8.549,5.225,5.171,0.487,-5.171,10,21,3,False,False,False,False
687,8.484,5.528,5.092,0.778,-5.092,11,21,3,False,False,False,False
688,8.420,5.832,5.029,1.282,-5.029,12,21,3,False,False,False,False
689,8.355,6.135,4.983,1.840,-4.983,13,21,3,False,False,False,False
690,8.291,6.438,4.938,2.268,-4.938,14,21,3,False,False,False,False
691,8.226,6.741,4.899,2.479,-4.899,15,21,0,False,False,False,False
692,8.162,7.044,4.896,2.941,-4.896,16,21,0,False,False,False,False
693,8.098,7.348,4.893,2.492,-4.893,17,21,0,False,False,False,False
694,8.033,7.651,4.890,2.340,-4.890,18,21,0,False,False,False,False
695,7.969,7.954,4.924,2.168,-4.924,19,21,0,False,False,False,False
696,7.904,8.257,4.966,1.963,-4.966,20,21,0,False,False,False,False
697,7.840,8.561,5.007,1.789,-5.007,21,21,0,False,False,False,False
698,7.775,8.864,5.067,1.675,-5.067,22,21,0,False,False,False,False
699,7.711,9.167,5.144,1.761,-5.144,23,21,0,False,False,False,False
700,7.646,9.470,5.220,1.834,-5.220,24,21,0,False,False,False,False
701,7.582,9.773,5.302,1.875,-5.302,25,21,0,False,False,False,False
702,7.517,10.077,5.404,1.915,-5.404,26,21,0,False,False,False,False
703,7.453,10.380,5.506,1.956,-5.506,27,21,0,False,False,False,False
704,7.389,10.683,5.608,2.039,-5.608,28,21,0,False,False,False,False
705,7.324,10.986,5.726,2.159,-5.726,29,21,0,False,False,False,False
706,7.260,11.290,5.845,2.267,-5.845,30,21,0,False,False,False,False
707,7.195,11.593,5.964,2.407,-5.964,31,21,0,False,False,False,False
708,7.131,11.896,6.089,2.691,-6.089,32,21,0,False,False,False,False
709,7.066,12.199,6.216,3.154,-6.216,33,21,0,False,False,False,False
710,9.653,2.194,6.315,2.548,-6.315,0,22,3,False,False,False,False
711,9.589,2.497,6.190,2.292,-6.190,1,22,3,False,False,False,False
712,9.524,2.801,6.065,2.011,-6.065,2,22,3,False,False,False,False
713,9.460,3.104,5.944,1.742,-5.944,3,22,3,False,False,False,False
714,9.395,3.407,5.826,1.479,-5.826,4,22,3,False,False,False,False
715,9.331,3.710,5.709,1.217,-5.709,5,22,3,False,False,False,False
716,9.266,4.013,5.596,0.998,-5.596,6,22,3,False,False,False,False
717,9.202,4.317,5.494,0.827,-5.494,7,22,3,False,False,False,False
718,9.137,4.620,5.392,0.703,-5.392,8,22,3,False,False,False,False
719,9.073,4.923,5.293,0.618,-5.293,9,22,3,False,False,False,False
720,9.008,5.226,5.215,0.677,-5.215,10,22,3,False,False,False,False
721,8.944,5.530,5.136,0.923,-5.136,11,22,3,False,False,False,False
722,8.880,5.833,5.056,1.336,-5.056,12,22,3,False,False,False,False
723,8.815,6.136,5.009,1.799,-5.009,13,22,3,False,False,False,False
724,8.751,6.439,4.963,2.133,-4.963,14,22,3,False,False,False,False
725,8.686,6.743,4.917,2.282,-4.917,15,22,3,False,False,False,False
726,8.622,7.046,4.898,2.359,-4.898,16,22,0,False,False,False,False
727,8.557,7.349,4.895,2.343,-4.895,17,22,0,False,False,False,False
728,8.493,7.652,4.892,2.248,-4.892,18,22,0,False,False,False,False
729,8.428,7.955,4.901,2.096,-4.901,19,22,0,False,False,False,False
730,8.364,8.259,4.942,1.941,-4.942,20,22,0,False,False,False,False
731,8.299,8.562,4.983,1.870,-4.983,21,22,0,False,False,False,False
732,8.235,8.865,5.025,1.902,-5.025,22,22,0,False,False,False,False
733,8.171,9.168,5.099,2.057,-5.099,23,22,0,False,False,False,False
734,8.106,9.472,5.175,2.162,-5.175,24,22,0,False,False,False,False
735,8.042,9.775,5.252,2.220,-5.252,25,22,0,False,False,False,False
736,7.977,10.078,5.345,2.244,-5.345,26,22,0,False,False,False,False
737,7.913,10.381,5.448,2.227,-5.448,27,22,0,False,False,False,False
738,7.848,10.684,5.551,2.151,-5.551,28,22,0,False,False,False,False
739,7.784,10.988,5.661,2.167,-5.661,29,22,0,False,False,False,False
740,7.719,11.291,5.780,2.225,-5.780,30,22,0,False,False,False,False
741,7.655,11.594,5.900,2.310,-5.900,31,22,0,False,False,False,False
742,10.048,2.500,6.253,2.241,-6.253,0,23,3,False,False,False,False
743,9.984,2.803,6.129,2.024,-6.129,1,23,3,False,False,False,False
744,9.919,3.107,6.004,1.775,-6.004,2,23,3,False,False,False,False
745,9.855,3.410,5.887,1.549,-5.887,3,23,3,False,False,False,False
746,9.790,3.713,5.770,1.325,-5.770,4,23,3,False,False,False,False
747,9.726,4.016,5.653,1.135,-5.653,5,23,3,False,False,False,False
748,9.661,4.320,5.548,0.995,-5.548,6,23,3,False,False,False,False
749,9.597,4.623,5.446,0.895,-5.446,7,23,3,False,False,False,False
750,9.532,4.926,5.344,0.831,-5.344,8,23,3,False,False,False,False
751,9.468,5.229,5.256,0.823,-5.256,9,23,3,False,False,False,False
752,9.403,5.532,5.178,0.894,-5.178,10,23,3,False,False,False,False
753,9.339,5.836,5.100,1.133,-5.100,11,23,3,False,False,False,False
754,9.275,6.139,5.034,1.455,-5.034,12,23,3,False,False,False,False
755,9.210,6.442,4.988,1.773,-4.988,13,23,3,False,False,False,False
756,9.146,6.745,4.943,1.905,-4.943,14,23,3,False,False,False,False
757,9.081,7.049,4.899,1.977,-4.899,15,23,0,False,False,False,False
758,9.017,7.352,4.897,2.020,-4.897,16,23,0,False,False,False,False
759,8.952,7.655,4.894,1.974,-4.894,17,23,0,False,False,False,False
760,8.888,7.958,4.891,1.865,-4.891,18,23,0,False,False,False,False
761,8.823,8.261,4.918,1.765,-4.918,19,23,0,False,False,False,False
762,8.759,8.565,4.959,1.778,-4.959,20,23,0,False,False,False,False
763,8.694,8.868,5.001,1.915,-5.001,21,23,0,False,False,False,False
764,8.630,9.171,5.054,2.142,-5.054,22,23,0,False,False,False,False
765,8.566,9.474,5.130,2.284,-5.130,23,23,0,False,False,False,False
766,8.501,9.778,5.207,2.370,-5.207,24,23,0,False,False,False,False
767,8.437,10.081,5.285,2.405,-5.285,25,23,0,False,False,False,False
768,8.372,10.384,5.387,2.405,-5.387,26,23,0,False,False,False,False
769,8.308,10.687,5.490,2.280,-5.490,27,23,0,False,False,False,False
770,8.243,10.990,5.592,2.193,-5.592,28,23,0,False,False,False,False
771,8.179,11.294,5.708,2.196,-5.708,29,23,0,False,False,False,False
772,8.114,11.597,5.828,2.253,-5.828,30,23,0,False,False,False,False
773,8.050,11.900,5.947,2.313,-5.947,31,23,0,False,False,False,False
774,7.986,12.203,6.072,2.572,-6.072,32,23,0,False,False,False,False
775,7.921,12.507,6.200,2.993,-6.200,33,23,0,False,False,False,False
776,10.507,2.504,6.316,2.224,-6.316,0,24,3,False,False,False,False
777,10.443,2.808,6.192,2.043,-6.192,1,24,3,False,False,False,False
778,10.378,3.111,6.067,1.810,-6.067,2,24,3,False,False,False,False
779,10.314,3.414,5.947,1.597,-5.947,3,24,3,False,False,False,False
780,10.249,3.717,5.830,1.389,-5.830,4,24,3,False,False,False,False
781,10.185,4.021,5.714,1.236,-5.714,5,24,3,False,False,False,False
782,10.120,4.324,5.601,1.113,-5.601,6,24,3,False,False,False,False
783,10.056,4.627,5.500,1.029,-5.500,7,24,3,False,False,False,False
784,9.992,4.930,5.399,0.968,-5.399,8,24,3,False,False,False,False
785,9.927,5.233,5.299,0.931,-5.299,9,24,3,False,False,False,False
786,9.863,5.537,5.221,0.926,-5.221,10,24,3,False,False,False,False
787,9.798,5.840,5.143,0.971,-5.143,11,24,3,False,False,False,False
788,9.734,6.143,5.065,1.135,-5.065,12,24,3,False,False,False,False
789,9.669,6.446,5.014,1.353,-5.014,13,24,3,False,False,False,False
790,9.605,6.750,4.969,1.489,-4.969,14,24,3,False,False,False,False
791,9.540,7.053,4.923,1.552,-4.923,15,24,0,False,False,False,False
792,9.476,7.356,4.898,1.594,-4.898,16,24,0,False,False,False,False
793,9.411,7.659,4.895,1.575,-4.895,17,24,0,False,False,False,False
794,9.347,7.963,4.893,1.483,-4.893,18,24,0,False,False,False,False
795,9.283,8.266,4.894,1.398,-4.894,19,24,0,False,False,False,False
796,9.218,8.569,4.935,1.483,-4.935,20,24,0,False,False,False,False
797,9.154,8.872,4.976,1.753,-4.976,21,24,0,False,False,False,False
798,9.089,9.175,5.017,2.077,-5.017,22,24,0,False,False,False,False
799,9.025,9.479,5.084,2.249,-5.084,23,24,0,False,False,False,False
800,8.960,9.782,5.160,2.353,-5.160,24,24,0,False,False,False,False
801,8.896,10.085,5.236,2.400,-5.236,25,24,0,False,False,False,False
802,8.831,10.388,5.324,2.397,-5.324,26,24,0,False,False,False,False
803,8.767,10.692,5.426,2.292,-5.426,27,24,0,False,False,False,False
804,8.702,10.995,5.528,2.163,-5.528,28,24,0,False,False,False,False
805,8.638,11.298,5.634,2.114,-5.634,29,24,0,False,False,False,False
806,8.574,11.601,5.752,2.168,-5.752,30,24,0,False,False,False,False
807,8.509,11.904,5.872,2.270,-5.872,31,24,0,False,False,False,False
808,8.445,12.208,5.992,2.359,-5.992,32,24,0,False,False,False,False
809,8.380,12.511,6.119,2.639,-6.119,33,24,0,False,False,False,False
810,10.901,2.814,6.254,2.096,-6.254,0,25,3,False,False,False,False
811,10.837,3.117,6.131,1.896,-6.131,1,25,3,False,False,False,False
812,10.773,3.420,6.007,1.673,-6.007,2,25,3,False,False,False,False
813,10.708,3.723,5.891,1.465,-5.891,3,25,3,False,False,False,False
814,10.644,4.027,5.775,1.314,-5.775,4,25,3,False,False,False,False
815,10.579,4.330,5.658,1.189,-5.658,5,25,3,False,False,False,False
816,10.515,4.633,5.554,1.100,-5.554,6,25,3,False,False,False,False
817,10.450,4.936,5.453,1.037,-5.453,7,25,3,False,False,False,False
818,10.386,5.239,5.351,0.994,-5.351,8,25,3,False,False,False,False
819,10.321,5.543,5.263,0.967,-5.263,9,25,3,False,False,False,False
820,10.257,5.846,5.185,0.973,-5.185,10,25,3,False,False,False,False
821,10.192,6.149,5.108,1.012,-5.108,11,25,3,False,False,False,False
822,10.128,6.452,5.038,1.109,-5.038,12,25,3,False,False,False,False
823,10.064,6.756,4.993,1.172,-4.993,13,25,3,False,False,False,False
824,9.999,7.059,4.949,1.176,-4.949,14,25,3,False,False,False,False
825,9.935,7.362,4.904,1.133,-4.904,15,25,0,False,False,False,False
826,9.870,7.665,4.897,1.072,-4.897,16,25,0,False,False,False,False
827,9.806,7.968,4.894,0.979,-4.894,17,25,0,False,False,False,False
828,9.741,8.272,4.892,0.883,-4.892,18,25,0,False,False,False,False
829,9.677,8.575,4.911,0.965,-4.911,19,25,0,False,False,False,False
830,9.612,8.878,4.952,1.206,-4.952,20,25,0,False,False,False,False
831,9.548,9.181,4.993,1.739,-4.993,21,25,0,False,False,False,False
832,9.484,9.485,5.038,1.985,-5.038,22,25,0,False,False,False,False
833,9.419,9.788,5.114,2.198,-5.114,23,25,0,False,False,False,False
834,9.355,10.091,5.190,2.269,-5.190,24,25,0,False,False,False,False
835,9.290,10.394,5.266,2.272,-5.266,25,25,0,False,False,False,False
836,9.226,10.697,5.363,2.183,-5.363,26,25,0,False,False,False,False
837,9.161,11.001,5.465,2.036,-5.465,27,25,0,False,False,False,False
838,9.097,11.304,5.567,1.964,-5.567,28,25,0,False,False,False,False
839,9.032,11.607,5.678,2.002,-5.678,29,25,0,False,False,False,False
840,8.968,11.910,5.797,2.134,-5.797,30,25,0,False,False,False,False
841,8.903,12.214,5.915,2.248,-5.915,31,25,0,False,False,False,False
842,8.839,12.517,6.037,2.389,-6.037,32,25,0,False,False,False,False
843,8.775,12.820,6.164,2.857,-6.164,33,25,0,False,False,False,False
844,11.360,2.822,6.316,2.111,-6.316,0,26,3,False,False,False,False
845,11.295,3.125,6.193,1.907,-6.193,1,26,3,False,False,False,False
846,11.231,3.428,6.070,1.673,-6.070,2,26,3,False,False,False,False
847,11.166,3.731,5.950,1.423,-5.950,3,26,3,False,False,False,False
848,11.102,4.034,5.834,1.254,-5.834,4,26,3,False,False,False,False
849,11.038,4.338,5.718,1.124,-5.718,5,26,3,False,False,False,False
850,10.973,4.641,5.606,1.036,-5.606,6,26,3,False,False,False,False
851,10.909,4.944,5.506,0.977,-5.506,7,26,3,False,False,False,False
852,10.844,5.247,5.406,0.937,-5.406,8,26,3,False,False,False,False
853,10.780,5.551,5.304,0.905,-5.304,9,26,3,False,False,False,False
854,10.715,5.854,5.227,0.906,-5.227,10,26,3,False,False,False,False
855,10.651,6.157,5.151,0.945,-5.151,11,26,3,False,False,False,False
856,10.586,6.460,5.073,1.029,-5.073,12,26,3,False,False,False,False
857,10.522,6.763,5.018,1.078,-5.018,13,26,3,False,False,False,False
858,10.458,7.067,4.974,1.058,-4.974,14,26,3,False,False,False,False
859,10.393,7.370,4.929,0.973,-4.929,15,26,0,False,False,False,False
860,10.329,7.673,4.898,0.823,-4.898,16,26,0,False,False,False,False
861,10.264,7.976,4.896,0.699,-4.896,17,26,0,False,False,False,False
862,10.200,8.280,4.893,0.616,-4.893,18,26,0,False,False,False,False
863,10.135,8.583,4.891,0.590,-4.891,19,26,0,False,False,False,False
864,10.071,8.886,4.928,0.772,-4.928,20,26,0,False,False,False,False
865,10.006,9.189,4.969,1.082,-4.969,21,26,0,False,False,False,False
866,9.942,9.492,5.010,1.524,-5.010,22,26,0,False,False,False,False
867,9.877,9.796,5.069,1.776,-5.069,23,26,0,False,False,False,False
868,9.813,10.099,5.145,1.932,-5.145,24,26,0,False,False,False,False
869,9.749,10.402,5.220,1.969,-5.220,25,26,0,False,False,False,False
870,9.684,10.705,5.301,1.907,-5.301,26,26,0,False,False,False,False
871,9.620,11.009,5.402,1.779,-5.402,27,26,0,False,False,False,False
872,9.555,11.312,5.503,1.709,-5.503,28,26,0,False,False,False,False
873,9.491,11.615,5.605,1.732,-5.605,29,26,0,False,False,False,False
874,9.426,11.918,5.722,1.895,-5.722,30,26,0,False,False,False,False
875,9.362,12.222,5.840,2.084,-5.840,31,26,0,False,False,False,False
876,9.297,12.525,5.959,2.250,-5.959,32,26,0,False,False,False,False
877,9.233,12.828,6.083,2.571,-6.083,33,26,0,False,False,False,False
878,11.753,3.135,6.255,1.947,-6.255,0,27,3,False,False,False,False
879,11.689,3.439,6.133,1.651,-6.133,1,27,3,False,False,False,False
880,11.624,3.742,6.010,1.366,-6.010,2,27,3,False,False,False,False
881,11.560,4.045,5.894,1.142,-5.894,3,27,3,False,False,False,False
882,11.495,4.348,5.779,0.958,-5.779,4,27,3,False,False,False,False
883,11.431,4.652,5.663,0.838,-5.663,5,27,3,False,False,False,False
884,11.366,4.955,5.559,0.770,-5.559,6,27,3,False,False,False,False
885,11.302,5.258,5.459,0.737,-5.459,7,27,3,False,False,False,False
886,11.238,5.561,5.358,0.708,-5.358,8,27,3,False,False,False,False
887,11.173,5.864,5.268,0.704,-5.268,9,27,3,False,False,False,False
888,11.109,6.168,5.192,0.722,-5.192,10,27,3,False,False,False,False
889,11.044,6.471,5.115,0.793,-5.115,11,27,3,False,False,False,False
890,10.980,6.774,5.042,0.876,-5.042,12,27,3,False,False,False,False
891,10.915,7.077,4.998,0.922,-4.998,13,27,3,False,False,False,False
892,10.851,7.381,4.954,0.846,-4.954,14,27,0,False,False,False,False
893,10.786,7.684,4.910,0.666,-4.910,15,27,0,False,False,False,False
894,10.722,7.987,4.897,0.469,-4.897,16,27,0,False,False,False,False
895,10.657,8.290,4.895,0.358,-4.895,17,27,0,False,False,False,False
896,10.593,8.593,4.893,0.333,-4.893,18,27,0,False,False,False,False
897,10.529,8.897,4.904,0.429,-4.904,19,27,0,False,False,False,False
898,10.464,9.200,4.945,0.618,-4.945,20,27,0,False,False,False,False
899,10.400,9.503,4.986,0.943,-4.986,21,27,0,False,False,False,False
900,10.335,9.806,5.027,1.214,-5.027,22,27,0,False,False,False,False
901,10.271,10.110,5.100,1.422,-5.100,23,27,0,False,False,False,False
902,10.206,10.413,5.175,1.501,-5.175,24,27,0,False,False,False,False
903,10.142,10.716,5.251,1.464,-5.251,25,27,0,False,False,False,False
904,10.077,11.019,5.341,1.363,-5.341,26,27,0,False,False,False,False
905,10.013,11.323,5.442,1.313,-5.442,27,27,0,False,False,False,False
906,9.948,11.626,5.543,1.346,-5.543,28,27,0,False,False,False,False
907,9.884,11.929,5.649,1.510,-5.649,29,27,0,False,False,False,False
908,9.820,12.232,5.767,1.789,-5.767,30,27,0,False,False,False,False
909,9.755,12.535,5.885,2.047,-5.885,31,27,0,False,False,False,False
910,9.691,12.839,6.004,2.322,-6.004,32,27,0,False,False,False,False
911,9.626,13.142,6.129,2.674,-6.129,33,27,0,False,False,False,False
912,0.000,0.000,0.000,0.000,0.000,0,0,0,True,False,False,False
913,1.000,0.000,0.000,0.000,0.000,0,0,0,False,False,True,False
914,0.000,0.000,1.000,0.000,0.000,0,0,0,False,True,False,False
915,0.000,1.000,0.000,0.000,0.000,0,0,0,False,False,False,True
