ID,Panel,col,row,x 3d,y 3d,to steelwire,to ceiling,to floor,x 2d,y 2d,DMX universe,DMX bk,DMX address,sensor index,deflection_cm,to wall,sequence index,known dmx,known pos,Labels,RackID,DimID,DimPort
0,000-A,0,0,-2.110,9.928,0,3.479,2.915,0,0,0,0,1,0,325.6,0.417,31,1,1,row:1|pos:1|dim:1|id:1,0,1,1
1,000-A,1,0,-2.044,9.615,0,3.295,3.100,0,0,0,0,2,0,291.2,0.737,30,1,1,row:1|pos:2|dim:1|id:2,0,1,1
2,000-A,2,0,-1.977,9.302,0,3.084,3.311,0,0,0,0,3,0,255.3,1.057,29,1,1,row:1|pos:3|dim:1|id:3,0,1,1
3,000-A,3,0,-1.911,8.989,0,2.852,3.542,0,0,0,0,4,0,218.3,1.377,28,1,1,row:1|pos:4|dim:1|id:4,0,1,1
4,000-A,4,0,-1.844,8.676,0,2.605,3.790,0,0,0,0,5,0,180.9,1.697,27,1,1,row:1|pos:5|dim:1|id:5,0,1,1
5,000-A,5,0,-1.778,8.363,0,2.362,4.033,0,0,0,0,6,0,144.9,2.017,26,1,1,row:1|pos:6|dim:1|id:6,0,1,1
6,000-A,6,0,-1.711,8.050,0,2.141,4.253,0,0,0,0,7,0,112.2,2.337,25,1,1,row:1|pos:7|dim:1|id:7,0,1,1
7,000-A,7,0,-1.645,7.737,0,1.961,4.434,0,0,0,0,8,0,84.6,2.657,24,1,1,row:1|pos:8|dim:1|id:8,0,1,1
8,000-A,8,0,-1.578,7.424,0,1.825,4.569,0,0,0,0,9,0,62.5,2.977,23,1,1,row:1|pos:9|dim:1|id:9,0,1,1
9,000-A,9,0,-1.512,7.111,0,1.735,4.660,0,0,0,0,10,0,46.1,3.297,22,1,1,row:1|pos:10|dim:1|id:10,0,1,1
10,000-A,10,0,-1.445,6.798,0,1.680,4.715,0,0,0,0,11,0,34.2,3.617,21,1,1,row:1|pos:11|dim:1|id:11,0,1,1
11,000-A,11,0,-1.379,6.485,0,1.690,4.704,0,0,0,0,12,0,29.9,3.937,20,1,1,row:1|pos:12|dim:1|id:12,0,1,1
12,000-A,12,0,-1.312,6.172,0,1.768,4.626,0,0,0,0,13,0,33.4,4.257,19,1,1,row:1|pos:13|dim:1|id:13,0,1,1
13,000-A,13,0,-1.245,5.859,0,1.921,4.473,0,0,0,0,14,0,45.5,4.577,18,1,1,row:1|pos:14|dim:1|id:14,0,1,1
14,000-A,14,0,-1.179,5.546,0,2.107,4.288,0,0,0,0,15,0,62.0,4.897,17,1,1,row:1|pos:15|dim:1|id:15,0,1,1
15,000-A,15,0,-1.112,5.233,0,2.296,4.098,0,0,0,0,16,0,79.8,5.217,16,1,1,row:1|pos:16|dim:1|id:16,0,1,1
16,000-A,16,0,-1.046,4.920,0,2.464,3.931,0,0,0,0,17,0,96.6,5.231,15,1,1,row:1|pos:17|dim:1|id:17,0,1,1
17,000-A,17,0,-0.979,4.607,0,2.605,3.789,0,0,0,0,18,0,111.7,4.911,14,1,1,row:1|pos:18|dim:1|id:18,0,1,1
18,000-A,18,0,-0.913,4.294,0,2.740,3.654,0,0,0,0,19,0,127.3,4.591,13,1,1,row:1|pos:19|dim:1|id:19,0,1,1
19,000-A,19,0,-0.846,3.981,0,2.933,3.461,0,0,0,0,20,0,149.7,4.271,12,1,1,row:1|pos:20|dim:1|id:20,0,1,1
20,000-A,20,0,-0.780,3.668,0,3.183,3.211,0,0,0,0,21,0,179.0,3.951,11,1,1,row:1|pos:21|dim:1|id:21,0,1,1
21,000-A,21,0,-0.713,3.355,0,3.351,3.044,0,0,0,0,22,0,201.0,3.631,10,1,1,row:1|pos:22|dim:1|id:22,0,1,1
22,000-A,22,0,-0.647,3.042,0,3.360,3.035,0,0,0,0,23,0,208.3,3.311,9,1,1,row:1|pos:23|dim:1|id:23,0,1,1
23,000-A,23,0,-0.580,2.729,0,3.082,3.312,0,0,0,0,24,0,187.9,2.991,8,1,1,row:1|pos:24|dim:1|id:24,0,1,1
24,000-A,24,0,-0.513,2.416,0,2.654,3.740,0,0,0,0,25,0,153.6,2.671,7,1,1,row:1|pos:25|dim:1|id:25,0,1,1
25,000-A,25,0,-0.447,2.103,0,2.181,4.213,0,0,0,0,26,0,115.8,2.351,6,1,1,row:1|pos:26|dim:1|id:26,0,1,1
26,000-A,26,0,-0.381,1.790,0,1.874,4.521,0,0,0,0,27,0,95.6,2.031,5,1,1,row:1|pos:27|dim:1|id:27,0,1,1
27,000-A,27,0,-0.314,1.477,0,1.707,4.688,0,0,0,0,28,0,90.5,1.711,4,1,1,row:1|pos:28|dim:1|id:28,0,1,1
28,000-A,28,0,-0.247,1.164,0,1.681,4.713,0,0,0,0,29,0,100.6,1.391,3,1,1,row:1|pos:29|dim:1|id:29,0,1,1
29,000-A,29,0,-0.181,0.851,0,1.864,4.531,0,0,0,0,30,0,132.7,1.071,2,1,1,row:1|pos:30|dim:1|id:30,0,1,1
30,000-A,30,0,-0.114,0.538,0,2.255,4.139,0,0,0,0,31,0,186.6,0.751,1,1,1,row:1|pos:31|dim:1|id:31,0,1,1
31,000-A,31,0,-0.048,0.225,0,2.701,3.693,0,0,0,0,32,0,247.1,0.431,0,1,1,row:1|pos:32|dim:1|id:32,0,1,1
32,000-A,0,1,0.426,0.162,0,2.846,3.548,0,0,0,0,33,0,266.3,0.340,0,1,1,row:2|pos:1|dim:1|id:33,0,1,1
33,000-A,1,1,0.359,0.475,0,2.500,3.895,0,0,0,0,34,0,215.6,0.660,1,1,1,row:2|pos:2|dim:1|id:34,0,1,1
34,000-A,2,1,0.292,0.788,0,2.194,4.200,0,0,0,0,35,0,170.0,0.980,2,1,1,row:2|pos:3|dim:1|id:35,0,1,1
35,000-A,3,1,0.226,1.101,0,1.958,4.437,0,0,0,0,36,0,132.4,1.300,3,1,1,row:2|pos:4|dim:1|id:36,0,1,1
36,000-A,4,1,0.160,1.414,0,1.964,4.430,0,0,0,0,37,0,120.0,1.620,4,1,1,row:2|pos:5|dim:1|id:37,0,1,1
37,000-A,5,1,0.093,1.727,0,2.197,4.197,0,0,0,0,38,0,131.4,1.940,5,1,1,row:2|pos:6|dim:1|id:38,0,1,1
38,000-A,6,1,0.026,2.040,0,2.477,3.918,0,0,0,0,39,0,148.5,2.260,6,1,1,row:2|pos:7|dim:1|id:39,0,1,1
39,000-A,7,1,-0.040,2.353,0,2.841,3.553,0,0,0,0,40,0,175.1,2.580,7,1,1,row:2|pos:8|dim:1|id:40,0,1,1
40,000-A,8,1,-0.107,2.666,0,3.249,3.146,0,0,0,0,41,0,207.1,2.900,8,1,1,row:2|pos:9|dim:1|id:41,0,1,1
41,000-A,9,1,-0.173,2.979,0,3.512,2.883,0,0,0,0,42,0,225.7,3.220,9,1,1,row:2|pos:10|dim:1|id:42,0,1,1
42,000-A,10,1,-0.240,3.292,0,3.515,2.879,0,0,0,0,43,0,219.4,3.540,10,1,1,row:2|pos:11|dim:1|id:43,0,1,1
43,000-A,11,1,-0.306,3.605,0,3.384,3.010,0,0,0,0,44,0,200.7,3.860,11,1,1,row:2|pos:12|dim:1|id:44,0,1,1
44,000-A,12,1,-0.373,3.918,0,3.150,3.244,0,0,0,0,45,0,172.8,4.180,12,1,1,row:2|pos:13|dim:1|id:45,0,1,1
45,000-A,13,1,-0.439,4.231,0,2.904,3.490,0,0,0,0,46,0,144.7,4.500,13,1,1,row:2|pos:14|dim:1|id:46,0,1,1
46,000-A,14,1,-0.506,4.544,0,2.737,3.658,0,0,0,0,47,0,125.4,4.820,14,1,1,row:2|pos:15|dim:1|id:47,0,1,1
47,000-A,15,1,-0.572,4.857,0,2.579,3.815,0,0,0,0,48,0,108.3,5.140,15,1,1,row:2|pos:16|dim:1|id:48,0,1,1
48,000-A,16,1,-0.639,5.170,0,2.414,3.981,0,0,0,0,49,0,91.4,5.351,16,1,1,row:2|pos:17|dim:1|id:49,0,1,1
49,000-A,17,1,-0.705,5.483,0,2.232,4.162,0,0,0,0,50,0,74.0,5.031,17,1,1,row:2|pos:18|dim:1|id:50,0,1,1
50,000-A,18,1,-0.772,5.796,0,2.037,4.358,0,0,0,0,51,0,56.2,4.711,18,1,1,row:2|pos:19|dim:1|id:51,0,1,1
51,000-A,19,1,-0.839,6.109,0,1.843,4.552,0,0,0,0,52,0,39.6,4.391,19,1,1,row:2|pos:20|dim:1|id:52,0,1,1
52,000-A,20,1,-0.905,6.422,0,1.695,4.700,0,0,0,0,53,0,28.7,4.071,20,1,1,row:2|pos:21|dim:1|id:53,0,1,1
53,000-A,21,1,-0.972,6.735,0,1.652,4.742,0,0,0,0,54,0,29.3,3.751,21,1,1,row:2|pos:22|dim:1|id:54,0,1,1
54,000-A,22,1,-1.038,7.048,0,1.673,4.721,0,0,0,0,55,0,37.4,3.431,22,1,1,row:2|pos:23|dim:1|id:55,0,1,1
55,000-A,23,1,-1.105,7.361,0,1.735,4.659,0,0,0,0,56,0,50.6,3.111,23,1,1,row:2|pos:24|dim:1|id:56,0,1,1
56,000-A,24,1,-1.171,7.674,0,1.813,4.582,0,0,0,0,57,0,66.4,2.791,24,1,1,row:2|pos:25|dim:1|id:57,0,1,1
57,000-A,25,1,-1.238,7.987,0,1.959,4.436,0,0,0,0,58,0,90.1,2.471,25,1,1,row:2|pos:26|dim:1|id:58,0,1,1
58,000-A,26,1,-1.304,8.300,0,2.160,4.235,0,0,0,0,59,0,120.4,2.151,26,1,1,row:2|pos:27|dim:1|id:59,0,1,1
59,000-A,27,1,-1.371,8.613,0,2.393,4.002,0,0,0,0,60,0,154.9,1.831,27,1,1,row:2|pos:28|dim:1|id:60,0,1,1
60,000-A,28,1,-1.437,8.926,0,2.650,3.744,0,0,0,0,61,0,192.9,1.511,28,1,1,row:2|pos:29|dim:1|id:61,0,1,1
61,000-A,29,1,-1.504,9.239,0,2.913,3.481,0,0,0,0,62,0,232.5,1.191,29,1,1,row:2|pos:30|dim:1|id:62,0,1,1
62,000-A,30,1,-1.570,9.552,0,3.125,3.269,0,0,0,0,63,0,268.1,0.871,30,1,1,row:2|pos:31|dim:1|id:63,0,1,1
63,000-A,31,1,-1.637,9.865,0,3.376,3.018,0,0,0,0,64,0,308.6,0.551,31,1,1,row:2|pos:32|dim:1|id:64,0,1,1
64,000-A,0,2,-1.230,10.115,0,3.238,3.156,0,0,2,0,1,0,304.2,0.368,31,1,1,row:3|pos:1|dim:1|id:65,0,1,2
65,000-A,1,2,-1.163,9.802,0,3.026,3.369,0,0,2,0,2,0,267.0,0.688,30,1,1,row:3|pos:2|dim:1|id:66,0,1,2
66,000-A,2,2,-1.097,9.489,0,2.741,3.654,0,0,2,0,3,0,223.6,1.008,29,1,1,row:3|pos:3|dim:1|id:67,0,1,2
67,000-A,3,2,-1.030,9.176,0,2.473,3.922,0,0,2,0,4,0,182.9,1.328,28,1,1,row:3|pos:4|dim:1|id:68,0,1,2
68,000-A,4,2,-0.964,8.863,0,2.258,4.137,0,0,2,0,5,0,148.5,1.648,27,1,1,row:3|pos:5|dim:1|id:69,0,1,2
69,000-A,5,2,-0.897,8.550,0,2.038,4.356,0,0,2,0,6,0,114.8,1.968,26,1,1,row:3|pos:6|dim:1|id:70,0,1,2
70,000-A,6,2,-0.831,8.237,0,1.844,4.550,0,0,2,0,7,0,84.7,2.288,25,1,1,row:3|pos:7|dim:1|id:71,0,1,2
71,000-A,7,2,-0.764,7.924,0,1.682,4.713,0,0,2,0,8,0,58.7,2.608,24,1,1,row:3|pos:8|dim:1|id:72,0,1,2
72,000-A,8,2,-0.698,7.611,0,1.598,4.797,0,0,2,0,9,0,41.6,2.928,23,1,1,row:3|pos:9|dim:1|id:73,0,1,2
73,000-A,9,2,-0.631,7.298,0,1.593,4.802,0,0,2,0,10,0,33.5,3.248,22,1,1,row:3|pos:10|dim:1|id:74,0,1,2
74,000-A,10,2,-0.565,6.985,0,1.582,4.812,0,0,2,0,11,0,25.9,3.568,21,1,1,row:3|pos:11|dim:1|id:75,0,1,2
75,000-A,11,2,-0.498,6.672,0,1.625,4.769,0,0,2,0,12,0,24.6,3.888,20,1,1,row:3|pos:12|dim:1|id:76,0,1,2
76,000-A,12,2,-0.432,6.359,0,1.777,4.618,0,0,2,0,13,0,35.3,4.208,19,1,1,row:3|pos:13|dim:1|id:77,0,1,2
77,000-A,13,2,-0.365,6.046,0,1.993,4.402,0,0,2,0,14,0,53.5,4.528,18,1,1,row:3|pos:14|dim:1|id:78,0,1,2
78,000-A,14,2,-0.298,5.733,0,2.186,4.209,0,0,2,0,15,0,70.3,4.848,17,1,1,row:3|pos:15|dim:1|id:79,0,1,2
79,000-A,15,2,-0.232,5.420,0,2.363,4.031,0,0,2,0,16,0,86.7,5.168,16,1,1,row:3|pos:16|dim:1|id:80,0,1,2
80,000-A,16,2,-0.166,5.107,0,2.525,3.870,0,0,2,0,17,0,102.5,5.368,15,1,1,row:3|pos:17|dim:1|id:81,0,1,2
81,000-A,17,2,-0.099,4.794,0,2.686,3.709,0,0,2,0,18,0,119.4,5.048,14,1,1,row:3|pos:18|dim:1|id:82,0,1,2
82,000-A,18,2,-0.032,4.481,0,2.863,3.531,0,0,2,0,19,0,138.9,4.728,13,1,1,row:3|pos:19|dim:1|id:83,0,1,2
83,000-A,19,2,0.034,4.168,0,3.068,3.326,0,0,2,0,20,0,162.2,4.408,12,1,1,row:3|pos:20|dim:1|id:84,0,1,2
84,000-A,20,2,0.101,3.855,0,3.334,3.060,0,0,2,0,21,0,192.6,4.088,11,1,1,row:3|pos:21|dim:1|id:85,0,1,2
85,000-A,21,2,0.167,3.542,0,3.526,2.869,0,0,2,0,22,0,216.6,3.768,10,1,1,row:3|pos:22|dim:1|id:86,0,1,2
86,000-A,22,2,0.234,3.229,0,3.613,2.781,0,0,2,0,23,0,231.3,3.448,9,1,1,row:3|pos:23|dim:1|id:87,0,1,2
87,000-A,23,2,0.300,2.916,0,3.581,2.814,0,0,2,0,24,0,235.0,3.128,8,1,1,row:3|pos:24|dim:1|id:88,0,1,2
88,000-A,24,2,0.367,2.603,0,3.383,3.011,0,0,2,0,25,0,223.3,2.808,7,1,1,row:3|pos:25|dim:1|id:89,0,1,2
89,000-A,25,2,0.433,2.290,0,3.027,3.367,0,0,2,0,26,0,196.8,2.488,6,1,1,row:3|pos:26|dim:1|id:90,0,1,2
90,000-A,26,2,0.500,1.977,0,2.665,3.729,0,0,2,0,27,0,170.7,2.168,5,1,1,row:3|pos:27|dim:1|id:91,0,1,2
91,000-A,27,2,0.566,1.664,0,2.366,4.029,0,0,2,0,28,0,151.8,1.848,4,1,1,row:3|pos:28|dim:1|id:92,0,1,2
92,000-A,28,2,0.633,1.351,0,2.193,4.201,0,0,2,0,29,0,146.8,1.528,3,1,1,row:3|pos:29|dim:1|id:93,0,1,2
93,000-A,29,2,0.699,1.038,0,2.188,4.207,0,0,2,0,30,0,159.5,1.208,2,1,1,row:3|pos:30|dim:1|id:94,0,1,2
94,000-A,30,2,0.766,0.725,0,2.404,3.990,0,0,2,0,31,0,195.4,0.888,1,1,1,row:3|pos:31|dim:1|id:95,0,1,2
95,000-A,31,2,0.833,0.412,0,2.642,3.752,0,0,2,0,32,0,234.5,0.568,0,1,1,row:3|pos:32|dim:1|id:96,0,1,2
96,000-A,0,3,1.306,0.349,0,2.635,3.760,0,0,2,0,33,0,222.6,0.499,0,1,1,row:4|pos:1|dim:1|id:97,0,1,2
97,000-A,1,3,1.239,0.662,0,2.464,3.931,0,0,2,0,34,0,191.5,0.819,1,1,1,row:4|pos:2|dim:1|id:98,0,1,2
98,000-A,2,3,1.173,0.975,0,2.292,4.103,0,0,2,0,35,0,161.2,1.139,2,1,1,row:4|pos:3|dim:1|id:99,0,1,2
99,000-A,3,3,1.106,1.288,0,2.332,4.063,0,0,2,0,36,0,153.1,1.459,3,1,1,row:4|pos:4|dim:1|id:100,0,1,2
100,000-A,4,3,1.040,1.601,0,2.519,3.875,0,0,2,0,37,0,160.7,1.779,4,1,1,row:4|pos:5|dim:1|id:101,0,1,2
101,000-A,5,3,0.973,1.914,0,2.778,3.616,0,0,2,0,38,0,176.4,2.099,5,1,1,row:4|pos:6|dim:1|id:102,0,1,2
102,000-A,6,3,0.907,2.227,0,3.099,3.295,0,0,2,0,39,0,199.2,2.419,6,1,1,row:4|pos:7|dim:1|id:103,0,1,2
103,000-A,7,3,0.840,2.540,0,3.418,2.976,0,0,2,0,40,0,222.9,2.739,7,1,1,row:4|pos:8|dim:1|id:104,0,1,2
104,000-A,8,3,0.774,2.853,0,3.582,2.812,0,0,2,0,41,0,232.0,3.059,8,1,1,row:4|pos:9|dim:1|id:105,0,1,2
105,000-A,9,3,0.707,3.166,0,3.636,2.759,0,0,2,0,42,0,231.1,3.379,9,1,1,row:4|pos:10|dim:1|id:106,0,1,2
106,000-A,10,3,0.641,3.479,0,3.579,2.816,0,0,2,0,43,0,220.0,3.699,10,1,1,row:4|pos:11|dim:1|id:107,0,1,2
107,000-A,11,3,0.574,3.792,0,3.425,2.970,0,0,2,0,44,0,200.3,4.019,11,1,1,row:4|pos:12|dim:1|id:108,0,1,2
108,000-A,12,3,0.508,4.105,0,3.198,3.196,0,0,2,0,45,0,174.2,4.339,12,1,1,row:4|pos:13|dim:1|id:109,0,1,2
109,000-A,13,3,0.441,4.418,0,2.974,3.421,0,0,2,0,46,0,149.3,4.659,13,1,1,row:4|pos:14|dim:1|id:110,0,1,2
110,000-A,14,3,0.374,4.731,0,2.770,3.624,0,0,2,0,47,0,127.6,4.979,14,1,1,row:4|pos:15|dim:1|id:111,0,1,2
111,000-A,15,3,0.308,5.044,0,2.600,3.794,0,0,2,0,48,0,110.0,5.299,15,1,1,row:4|pos:16|dim:1|id:112,0,1,2
112,000-A,16,3,0.241,5.357,0,2.449,3.946,0,0,2,0,49,0,95.4,5.306,16,1,1,row:4|pos:17|dim:1|id:113,0,1,2
113,000-A,17,3,0.175,5.670,0,2.306,4.089,0,0,2,0,50,0,82.6,4.986,17,1,1,row:4|pos:18|dim:1|id:114,0,1,2
114,000-A,18,3,0.108,5.983,0,2.166,4.229,0,0,2,0,51,0,71.0,4.666,18,1,1,row:4|pos:19|dim:1|id:115,0,1,2
115,000-A,19,3,0.042,6.296,0,2.012,4.382,0,0,2,0,52,0,59.0,4.346,19,1,1,row:4|pos:20|dim:1|id:116,0,1,2
116,000-A,20,3,-0.025,6.609,0,1.824,4.571,0,0,2,0,53,0,44.5,4.026,20,1,1,row:4|pos:21|dim:1|id:117,0,1,2
117,000-A,21,3,-0.091,6.922,0,1.678,4.717,0,0,2,0,54,0,35.3,3.706,21,1,1,row:4|pos:22|dim:1|id:118,0,1,2
118,000-A,22,3,-0.158,7.235,0,1.630,4.764,0,0,2,0,55,0,36.8,3.386,22,1,1,row:4|pos:23|dim:1|id:119,0,1,2
119,000-A,23,3,-0.224,7.548,0,1.668,4.727,0,0,2,0,56,0,47.9,3.066,23,1,1,row:4|pos:24|dim:1|id:120,0,1,2
120,000-A,24,3,-0.291,7.861,0,1.686,4.708,0,0,2,0,57,0,58.0,2.746,24,1,1,row:4|pos:25|dim:1|id:121,0,1,2
121,000-A,25,3,-0.357,8.174,0,1.769,4.625,0,0,2,0,58,0,75.5,2.426,25,1,1,row:4|pos:26|dim:1|id:122,0,1,2
122,000-A,26,3,-0.424,8.487,0,1.888,4.507,0,0,2,0,59,0,97.5,2.106,26,1,1,row:4|pos:27|dim:1|id:123,0,1,2
123,000-A,27,3,-0.490,8.800,0,2.011,4.383,0,0,2,0,60,0,121.1,1.786,27,1,1,row:4|pos:28|dim:1|id:124,0,1,2
124,000-A,28,3,-0.557,9.113,0,2.132,4.263,0,0,2,0,61,0,145.2,1.466,28,1,1,row:4|pos:29|dim:1|id:125,0,1,2
125,000-A,29,3,-0.624,9.426,0,2.286,4.109,0,0,2,0,62,0,173.7,1.146,29,1,1,row:4|pos:30|dim:1|id:126,0,1,2
126,000-A,30,3,-0.690,9.739,0,2.481,3.913,0,0,2,0,63,0,207.4,0.826,30,1,1,row:4|pos:31|dim:1|id:127,0,1,2
127,000-A,31,3,-0.756,10.052,0,2.739,3.656,0,0,2,0,64,0,248.1,0.506,31,1,1,row:4|pos:32|dim:1|id:128,0,1,2
128,000-A,0,4,-0.350,10.302,0,2.598,3.797,0,0,3,0,1,0,241.5,0.326,28,1,1,row:5|pos:1|dim:1|id:129,0,1,3
129,000-A,1,4,-0.283,9.989,0,2.417,3.977,0,0,3,0,2,0,206.7,0.646,27,1,1,row:5|pos:2|dim:1|id:130,0,1,3
130,000-A,2,4,-0.217,9.676,0,2.231,4.164,0,0,3,0,3,0,172.4,0.966,26,1,1,row:5|pos:3|dim:1|id:131,0,1,3
131,000-A,3,4,-0.150,9.363,0,2.136,4.259,0,0,3,0,4,0,148.4,1.286,25,1,1,row:5|pos:4|dim:1|id:132,0,1,3
132,000-A,4,4,-0.084,9.050,0,2.085,4.309,0,0,3,0,5,0,130.0,1.606,24,1,1,row:5|pos:5|dim:1|id:133,0,1,3
133,000-A,5,4,-0.017,8.737,0,2.058,4.337,0,0,3,0,6,0,115.0,1.926,23,1,1,row:5|pos:6|dim:1|id:134,0,1,3
134,000-A,6,4,0.050,8.424,0,2.080,4.314,0,0,3,0,7,0,106.2,2.246,22,1,1,row:5|pos:7|dim:1|id:135,0,1,3
135,000-A,7,4,0.116,8.111,0,2.085,4.309,0,0,3,0,8,0,96.7,2.566,21,1,1,row:5|pos:8|dim:1|id:136,0,1,3
136,000-A,8,4,0.183,7.798,0,2.056,4.339,0,0,3,0,9,0,85.0,2.886,20,1,1,row:5|pos:9|dim:1|id:137,0,1,3
137,000-A,9,4,0.249,7.485,0,2.003,4.391,0,0,3,0,10,0,72.1,3.206,19,1,1,row:5|pos:10|dim:1|id:138,0,1,3
138,000-A,10,4,0.316,7.172,0,1.914,4.480,0,0,3,0,11,0,56.7,3.526,18,1,1,row:5|pos:11|dim:1|id:139,0,1,3
139,000-A,11,4,0.382,6.859,0,1.870,4.525,0,0,3,0,12,0,46.9,3.846,17,1,1,row:5|pos:12|dim:1|id:140,0,1,3
140,000-A,12,4,0.449,6.546,0,2.045,4.349,0,0,3,0,13,0,60.3,4.166,16,1,1,row:5|pos:13|dim:1|id:141,0,1,3
141,000-A,13,4,0.515,6.233,0,2.166,4.229,0,0,3,0,14,0,69.3,4.486,15,1,1,row:5|pos:14|dim:1|id:142,0,1,3
142,000-A,14,4,0.582,5.920,0,2.263,4.132,0,0,3,0,15,0,77.1,4.806,14,1,1,row:5|pos:15|dim:1|id:143,0,1,3
143,000-A,15,4,0.648,5.607,0,2.361,4.034,0,0,3,0,16,0,86.1,4.629,13,1,1,row:5|pos:16|dim:1|id:144,0,1,3
144,000-A,16,4,0.715,5.294,0,2.473,3.922,0,0,3,0,17,0,97.7,4.309,12,1,1,row:5|pos:17|dim:1|id:145,0,1,3
145,000-A,17,4,0.781,4.981,0,2.622,3.773,0,0,3,0,18,0,114.2,3.989,11,1,1,row:5|pos:18|dim:1|id:146,0,1,3
146,000-A,18,4,0.848,4.668,0,2.796,3.599,0,0,3,0,19,0,134.2,3.669,10,1,1,row:5|pos:19|dim:1|id:147,0,1,3
147,000-A,19,4,0.914,4.355,0,2.996,3.398,0,0,3,0,20,0,158.1,3.349,9,1,1,row:5|pos:20|dim:1|id:148,0,1,3
148,000-A,20,4,0.981,4.042,0,3.233,3.161,0,0,3,0,21,0,186.8,3.029,8,1,1,row:5|pos:21|dim:1|id:149,0,1,3
149,000-A,21,4,1.048,3.729,0,3.490,2.904,0,0,3,0,22,0,218.6,2.709,7,1,1,row:5|pos:22|dim:1|id:150,0,1,3
150,000-A,22,4,1.114,3.416,0,3.626,2.769,0,0,3,0,23,0,239.4,2.389,6,1,1,row:5|pos:23|dim:1|id:151,0,1,3
151,000-A,23,4,1.181,3.103,0,3.670,2.724,0,0,3,0,24,0,252.3,2.069,5,1,1,row:5|pos:24|dim:1|id:152,0,1,3
152,000-A,24,4,1.247,2.790,0,3.624,2.771,0,0,3,0,25,0,257.1,1.749,4,1,1,row:5|pos:25|dim:1|id:153,0,1,3
153,000-A,25,4,1.314,2.477,0,3.460,2.934,0,0,3,0,26,0,251.5,1.429,3,1,1,row:5|pos:26|dim:1|id:154,0,1,3
154,000-A,26,4,1.380,2.164,0,3.173,3.222,0,0,3,0,27,0,234.6,1.109,2,1,1,row:5|pos:27|dim:1|id:155,0,1,3
155,000-A,27,4,1.447,1.851,0,2.790,3.605,0,0,3,0,28,0,209.3,0.789,1,1,1,row:5|pos:28|dim:1|id:156,0,1,3
156,000-A,28,4,1.513,1.538,0,2.460,3.935,0,0,3,0,29,0,190.4,0.469,0,1,1,row:5|pos:29|dim:1|id:157,0,1,3
157,000-A,0,5,1.854,2.101,0,3.015,3.380,0,0,3,0,30,0,214.1,0.402,0,1,1,row:6|pos:1|dim:1|id:158,0,1,3
158,000-A,1,5,1.787,2.414,0,3.342,3.052,0,0,3,0,31,0,235.8,0.722,1,1,1,row:6|pos:2|dim:1|id:159,0,1,3
159,000-A,2,5,1.721,2.727,0,3.549,2.846,0,0,3,0,32,0,246.4,1.042,2,1,1,row:6|pos:3|dim:1|id:160,0,1,3
160,000-A,3,5,1.654,3.040,0,3.636,2.758,0,0,3,0,33,0,246.2,1.362,3,1,1,row:6|pos:4|dim:1|id:161,0,1,3
161,000-A,4,5,1.587,3.353,0,3.638,2.756,0,0,3,0,34,0,238.6,1.682,4,1,1,row:6|pos:5|dim:1|id:162,0,1,3
162,000-A,5,5,1.521,3.666,0,3.544,2.850,0,0,3,0,35,0,222.4,2.002,5,1,1,row:6|pos:6|dim:1|id:163,0,1,3
163,000-A,6,5,1.454,3.979,0,3.338,3.056,0,0,3,0,36,0,196.1,2.323,6,1,1,row:6|pos:7|dim:1|id:164,0,1,3
164,000-A,7,5,1.388,4.292,0,3.047,3.348,0,0,3,0,37,0,162.4,2.643,7,1,1,row:6|pos:8|dim:1|id:165,0,1,3
165,000-A,8,5,1.321,4.605,0,2.793,3.601,0,0,3,0,38,0,133.5,2.963,8,1,1,row:6|pos:9|dim:1|id:166,0,1,3
166,000-A,9,5,1.255,4.918,0,2.592,3.803,0,0,3,0,39,0,110.9,3.283,9,1,1,row:6|pos:10|dim:1|id:167,0,1,3
167,000-A,10,5,1.188,5.231,0,2.439,3.956,0,0,3,0,40,0,94.2,3.603,10,1,1,row:6|pos:11|dim:1|id:168,0,1,3
168,000-A,11,5,1.122,5.544,0,2.348,4.046,0,0,3,0,41,0,84.9,3.923,11,1,1,row:6|pos:12|dim:1|id:169,0,1,3
169,000-A,12,5,1.055,5.857,0,2.284,4.111,0,0,3,0,42,0,79.2,4.243,12,1,1,row:6|pos:13|dim:1|id:170,0,1,3
170,000-A,13,5,0.989,6.170,0,2.220,4.175,0,0,3,0,43,0,74.7,4.563,13,1,1,row:6|pos:14|dim:1|id:171,0,1,3
171,000-A,14,5,0.922,6.483,0,2.153,4.241,0,0,3,0,44,0,71.0,4.306,14,1,1,row:6|pos:15|dim:1|id:172,0,1,3
172,000-A,15,5,0.856,6.796,0,2.018,4.376,0,0,3,0,45,0,61.5,3.986,15,1,1,row:6|pos:16|dim:1|id:173,0,1,3
173,000-A,16,5,0.789,7.109,0,2.059,4.336,0,0,3,0,46,0,70.6,3.666,16,1,1,row:6|pos:17|dim:1|id:174,0,1,3
174,000-A,17,5,0.723,7.422,0,2.122,4.273,0,0,3,0,47,0,83.1,3.346,17,1,1,row:6|pos:18|dim:1|id:175,0,1,3
175,000-A,18,5,0.656,7.735,0,2.206,4.189,0,0,3,0,48,0,98.7,3.026,18,1,1,row:6|pos:19|dim:1|id:176,0,1,3
176,000-A,19,5,0.590,8.048,0,2.229,4.165,0,0,3,0,49,0,109.4,2.706,19,1,1,row:6|pos:20|dim:1|id:177,0,1,3
177,000-A,20,5,0.523,8.361,0,2.256,4.139,0,0,3,0,50,0,121.5,2.386,20,1,1,row:6|pos:21|dim:1|id:178,0,1,3
178,000-A,21,5,0.457,8.675,0,2.211,4.183,0,0,3,0,51,0,127.5,2.066,21,1,1,row:6|pos:22|dim:1|id:179,0,1,3
179,000-A,22,5,0.390,8.988,0,2.185,4.209,0,0,3,0,52,0,136.5,1.746,22,1,1,row:6|pos:23|dim:1|id:180,0,1,3
180,000-A,23,5,0.323,9.300,0,2.184,4.211,0,0,3,0,53,0,149.0,1.426,23,1,1,row:6|pos:24|dim:1|id:181,0,1,3
181,000-A,24,5,0.257,9.614,0,2.236,4.159,0,0,3,0,54,0,167.9,1.106,24,1,1,row:6|pos:25|dim:1|id:182,0,1,3
182,000-A,25,5,0.190,9.927,0,2.421,3.974,0,0,3,0,55,0,201.2,0.786,25,1,1,row:6|pos:26|dim:1|id:183,0,1,3
183,000-A,26,5,0.124,10.239,0,2.612,3.783,0,0,3,0,56,0,236.1,0.466,26,1,1,row:6|pos:27|dim:1|id:184,0,1,3
184,000-A,0,6,0.597,10.177,0,2.463,3.932,0,0,4,0,1,0,214.3,0.607,26,1,1,row:7|pos:1|dim:1|id:185,0,1,4
185,000-A,1,6,0.664,9.864,0,2.139,4.256,0,0,4,0,2,0,166.6,0.927,25,1,1,row:7|pos:2|dim:1|id:186,0,1,4
186,000-A,2,6,0.730,9.550,0,2.155,4.239,0,0,4,0,3,0,154.0,1.247,24,1,1,row:7|pos:3|dim:1|id:187,0,1,4
187,000-A,3,6,0.797,9.238,0,2.206,4.188,0,0,4,0,4,0,145.9,1.567,23,1,1,row:7|pos:4|dim:1|id:188,0,1,4
188,000-A,4,6,0.863,8.925,0,2.303,4.091,0,0,4,0,5,0,143.5,1.887,22,1,1,row:7|pos:5|dim:1|id:189,0,1,4
189,000-A,5,6,0.930,8.611,0,2.354,4.041,0,0,4,0,6,0,137.5,2.207,21,1,1,row:7|pos:6|dim:1|id:190,0,1,4
190,000-A,6,6,0.996,8.299,0,2.267,4.128,0,0,4,0,7,0,118.8,2.527,20,1,1,row:7|pos:7|dim:1|id:191,0,1,4
191,000-A,7,6,1.063,7.986,0,2.067,4.328,0,0,4,0,8,0,89.9,2.847,19,1,1,row:7|pos:8|dim:1|id:192,0,1,4
192,000-A,8,6,1.129,7.673,0,2.066,4.328,0,0,4,0,9,0,82.0,3.167,18,1,1,row:7|pos:9|dim:1|id:193,0,1,4
193,000-A,9,6,1.196,7.359,0,2.045,4.350,0,0,4,0,10,0,73.0,3.487,17,1,1,row:7|pos:10|dim:1|id:194,0,1,4
194,000-A,10,6,1.262,7.046,0,2.041,4.354,0,0,4,0,11,0,66.8,3.807,16,1,1,row:7|pos:11|dim:1|id:195,0,1,4
195,000-A,11,6,1.329,6.734,0,2.093,4.301,0,0,4,0,12,0,67.4,4.127,15,1,1,row:7|pos:12|dim:1|id:196,0,1,4
196,000-A,12,6,1.396,6.420,0,2.169,4.225,0,0,4,0,13,0,71.4,4.447,14,1,1,row:7|pos:13|dim:1|id:197,0,1,4
197,000-A,13,6,1.462,6.107,0,2.207,4.187,0,0,4,0,14,0,72.7,4.472,13,1,1,row:7|pos:14|dim:1|id:198,0,1,4
198,000-A,14,6,1.529,5.795,0,2.226,4.168,0,0,4,0,15,0,73.1,4.152,12,1,1,row:7|pos:15|dim:1|id:199,0,1,4
199,000-A,15,6,1.595,5.481,0,2.274,4.120,0,0,4,0,16,0,77.4,3.832,11,1,1,row:7|pos:16|dim:1|id:200,0,1,4
200,000-A,16,6,1.662,5.168,0,2.387,4.008,0,0,4,0,17,0,89.3,3.512,10,1,1,row:7|pos:17|dim:1|id:201,0,1,4
201,000-A,17,6,1.728,4.855,0,2.579,3.816,0,0,4,0,18,0,110.2,3.192,9,1,1,row:7|pos:18|dim:1|id:202,0,1,4
202,000-A,18,6,1.795,4.542,0,2.845,3.550,0,0,4,0,19,0,139.7,2.872,8,1,1,row:7|pos:19|dim:1|id:203,0,1,4
203,000-A,19,6,1.861,4.229,0,3.137,3.258,0,0,4,0,20,0,172.7,2.552,7,1,1,row:7|pos:20|dim:1|id:204,0,1,4
204,000-A,20,6,1.928,3.916,0,3.374,3.021,0,0,4,0,21,0,201.3,2.232,6,1,1,row:7|pos:21|dim:1|id:205,0,1,4
205,000-A,21,6,1.994,3.603,0,3.526,2.869,0,0,4,0,22,0,222.4,1.912,5,1,1,row:7|pos:22|dim:1|id:206,0,1,4
206,000-A,22,6,2.061,3.290,0,3.572,2.823,0,0,4,0,23,0,234.0,1.592,4,1,1,row:7|pos:23|dim:1|id:207,0,1,4
207,000-A,23,6,2.127,2.977,0,3.534,2.860,0,0,4,0,24,0,238.4,1.272,3,1,1,row:7|pos:24|dim:1|id:208,0,1,4
208,000-A,24,6,2.194,2.664,0,3.387,3.007,0,0,4,0,25,0,232.8,0.952,2,1,1,row:7|pos:25|dim:1|id:209,0,1,4
209,000-A,25,6,2.260,2.351,0,3.101,3.293,0,0,4,0,26,0,214.4,0.632,1,1,1,row:7|pos:26|dim:1|id:210,0,1,4
210,000-A,26,6,2.327,2.038,0,2.699,3.696,0,0,4,0,27,0,185.4,0.312,0,1,1,row:7|pos:27|dim:1|id:211,0,1,4
211,000-A,0,7,2.734,2.288,0,2.595,3.800,0,0,4,0,28,0,166.8,0.533,0,1,1,row:8|pos:1|dim:1|id:212,0,1,4
212,000-A,1,7,2.667,2.601,0,2.977,3.418,0,0,4,0,29,0,194.6,0.853,1,1,1,row:8|pos:2|dim:1|id:213,0,1,4
213,000-A,2,7,2.601,2.914,0,3.209,3.185,0,0,4,0,30,0,208.4,1.173,2,1,1,row:8|pos:3|dim:1|id:214,0,1,4
214,000-A,3,7,2.534,3.227,0,3.346,3.049,0,0,4,0,31,0,213.7,1.493,3,1,1,row:8|pos:4|dim:1|id:215,0,1,4
215,000-A,4,7,2.468,3.541,0,3.390,3.005,0,0,4,0,32,0,210.8,1.814,4,1,1,row:8|pos:5|dim:1|id:216,0,1,4
216,000-A,5,7,2.401,3.853,0,3.322,3.072,0,0,4,0,33,0,197.8,2.134,5,1,1,row:8|pos:6|dim:1|id:217,0,1,4
217,000-A,6,7,2.335,4.167,0,3.128,3.266,0,0,4,0,34,0,173.2,2.454,6,1,1,row:8|pos:7|dim:1|id:218,0,1,4
218,000-A,7,7,2.268,4.479,0,2.853,3.542,0,0,4,0,35,0,141.5,2.774,7,1,1,row:8|pos:8|dim:1|id:219,0,1,4
219,000-A,8,7,2.202,4.793,0,2.551,3.843,0,0,4,0,36,0,108.3,3.094,8,1,1,row:8|pos:9|dim:1|id:220,0,1,4
220,000-A,9,7,2.135,5.106,0,2.310,4.084,0,0,4,0,37,0,82.2,3.413,9,1,1,row:8|pos:10|dim:1|id:221,0,1,4
221,000-A,10,7,2.069,5.418,0,2.180,4.215,0,0,4,0,38,0,68.1,3.733,10,1,1,row:8|pos:11|dim:1|id:222,0,1,4
222,000-A,11,7,2.002,5.731,0,2.126,4.268,0,0,4,0,39,0,62.8,4.053,11,1,1,row:8|pos:12|dim:1|id:223,0,1,4
223,000-A,12,7,1.936,6.045,0,2.149,4.246,0,0,4,0,40,0,66.2,4.373,12,1,1,row:8|pos:13|dim:1|id:224,0,1,4
224,000-A,13,7,1.869,6.357,0,2.147,4.247,0,0,4,0,41,0,68.2,4.589,13,1,1,row:8|pos:14|dim:1|id:225,0,1,4
225,000-A,14,7,1.802,6.670,0,2.105,4.290,0,0,4,0,42,0,67.2,4.270,14,1,1,row:8|pos:15|dim:1|id:226,0,1,4
226,000-A,15,7,1.736,6.984,0,2.007,4.387,0,0,4,0,43,0,61.7,3.950,15,1,1,row:8|pos:16|dim:1|id:227,0,1,4
227,000-A,16,7,1.669,7.296,0,1.930,4.465,0,0,4,0,44,0,59.2,3.630,16,1,1,row:8|pos:17|dim:1|id:228,0,1,4
228,000-A,17,7,1.603,7.610,0,1.873,4.522,0,0,4,0,45,0,59.9,3.309,17,1,1,row:8|pos:18|dim:1|id:229,0,1,4
229,000-A,18,7,1.536,7.923,0,1.843,4.552,0,0,4,0,46,0,64.3,2.989,18,1,1,row:8|pos:19|dim:1|id:230,0,1,4
230,000-A,19,7,1.470,8.236,0,1.890,4.505,0,0,4,0,47,0,77.5,2.669,19,1,1,row:8|pos:20|dim:1|id:231,0,1,4
231,000-A,20,7,1.403,8.549,0,2.150,4.244,0,0,4,0,48,0,113.0,2.349,20,1,1,row:8|pos:21|dim:1|id:232,0,1,4
232,000-A,21,7,1.337,8.862,0,2.242,4.153,0,0,4,0,49,0,132.8,2.029,21,1,1,row:8|pos:22|dim:1|id:233,0,1,4
233,000-A,22,7,1.270,9.175,0,1.991,4.404,0,0,4,0,50,0,119.2,1.709,22,1,1,row:8|pos:23|dim:1|id:234,0,1,4
234,000-A,23,7,1.204,9.488,0,1.845,4.549,0,0,4,0,51,0,117.4,1.389,23,1,1,row:8|pos:24|dim:1|id:235,0,1,4
235,000-A,24,7,1.137,9.801,0,1.834,4.561,0,0,4,0,52,0,130.0,1.069,24,1,1,row:8|pos:25|dim:1|id:236,0,1,4
236,000-A,25,7,1.071,10.114,0,2.114,4.280,0,0,4,0,53,0,172.7,0.749,25,1,1,row:8|pos:26|dim:1|id:237,0,1,4
237,000-A,0,8,1.810,8.799,0,1.791,4.604,0,0,5,0,1,0,90.4,0.430,26,1,1,row:9|pos:1|dim:1|id:238,0,1,5
238,000-A,1,8,1.877,8.486,0,1.727,4.668,0,0,5,0,2,0,73.0,0.750,25,1,1,row:9|pos:2|dim:1|id:239,0,1,5
239,000-A,2,8,1.943,8.173,0,1.712,4.682,0,0,5,0,3,0,61.7,1.070,24,1,1,row:9|pos:3|dim:1|id:240,0,1,5
240,000-A,3,8,2.010,7.860,0,1.745,4.650,0,0,5,0,4,0,56.1,1.390,23,1,1,row:9|pos:4|dim:1|id:241,0,1,5
241,000-A,4,8,2.076,7.547,0,1.790,4.604,0,0,5,0,5,0,53.0,1.710,22,1,1,row:9|pos:5|dim:1|id:242,0,1,5
242,000-A,5,8,2.143,7.234,0,1.846,4.548,0,0,5,0,6,0,51.9,2.030,21,1,1,row:9|pos:6|dim:1|id:243,0,1,5
243,000-A,6,8,2.209,6.921,0,1.929,4.466,0,0,5,0,7,0,54.6,2.350,20,1,1,row:9|pos:7|dim:1|id:244,0,1,5
244,000-A,7,8,2.276,6.608,0,2.020,4.375,0,0,5,0,8,0,59.2,2.670,19,1,1,row:9|pos:8|dim:1|id:245,0,1,5
245,000-A,8,8,2.342,6.295,0,2.061,4.334,0,0,5,0,9,0,59.9,2.990,18,1,1,row:9|pos:9|dim:1|id:246,0,1,5
246,000-A,9,8,2.409,5.982,0,2.086,4.309,0,0,5,0,10,0,60.1,3.310,17,1,1,row:9|pos:10|dim:1|id:247,0,1,5
247,000-A,10,8,2.475,5.669,0,2.088,4.306,0,0,5,0,11,0,59.1,3.630,16,1,1,row:9|pos:11|dim:1|id:248,0,1,5
248,000-A,11,8,2.542,5.356,0,2.110,4.285,0,0,5,0,12,0,61.1,3.950,15,1,1,row:9|pos:12|dim:1|id:249,0,1,5
249,000-A,12,8,2.609,5.043,0,2.265,4.130,0,0,5,0,13,0,77.5,4.270,14,1,1,row:9|pos:13|dim:1|id:250,0,1,5
250,000-A,13,8,2.675,4.729,0,2.461,3.934,0,0,5,0,14,0,99.1,4.582,13,1,1,row:9|pos:14|dim:1|id:251,0,1,5
251,000-A,14,8,2.742,4.417,0,2.703,3.691,0,0,5,0,15,0,126.4,4.262,12,1,1,row:9|pos:15|dim:1|id:252,0,1,5
252,000-A,15,8,2.808,4.104,0,2.917,3.477,0,0,5,0,16,0,151.9,3.942,11,1,1,row:9|pos:16|dim:1|id:253,0,1,5
253,000-A,16,8,2.875,3.791,0,3.021,3.373,0,0,5,0,17,0,167.6,3.622,10,1,1,row:9|pos:17|dim:1|id:254,0,1,5
254,000-A,17,8,2.941,3.478,0,2.981,3.413,0,0,5,0,18,0,169.9,3.302,9,1,1,row:9|pos:18|dim:1|id:255,0,1,5
255,000-A,18,8,3.008,3.164,0,2.844,3.551,0,0,5,0,19,0,163.5,2.982,8,1,1,row:9|pos:19|dim:1|id:256,0,1,5
256,000-A,19,8,3.074,2.852,0,2.625,3.770,0,0,5,0,20,0,150.1,2.662,7,1,1,row:9|pos:20|dim:1|id:257,0,1,5
257,000-A,20,8,3.141,2.538,0,2.330,4.064,0,0,5,0,21,0,130.2,2.342,6,1,1,row:9|pos:21|dim:1|id:258,0,1,5
258,000-A,21,8,3.207,2.225,0,1.957,4.438,0,0,5,0,22,0,103.5,2.022,5,1,1,row:9|pos:22|dim:1|id:259,0,1,5
259,000-A,22,8,3.274,1.913,0,1.644,4.750,0,0,5,0,23,0,84.0,1.703,4,1,1,row:9|pos:23|dim:1|id:260,0,1,5
260,000-A,23,8,3.340,1.599,0,1.411,4.983,0,0,5,0,24,0,73.5,1.383,3,1,1,row:9|pos:24|dim:1|id:261,0,1,5
261,000-A,24,8,3.407,1.286,0,1.223,5.171,0,0,5,0,25,0,68.5,1.063,2,1,1,row:9|pos:25|dim:1|id:262,0,1,5
262,000-A,25,8,3.474,0.974,0,1.049,5.346,0,0,5,0,26,0,66.1,0.743,1,1,1,row:9|pos:26|dim:1|id:263,0,1,5
263,000-A,26,8,3.540,0.660,0,0.858,5.537,0,0,5,0,27,0,63.0,0.422,0,1,1,row:9|pos:27|dim:1|id:264,0,1,5
264,000-A,0,9,3.947,0.910,0,0.726,5.669,0,0,5,0,28,0,42.0,0.570,0,1,1,row:10|pos:1|dim:1|id:265,0,1,5
265,000-A,1,9,3.880,1.224,0,0.926,5.468,0,0,5,0,29,0,46.4,0.890,1,1,1,row:10|pos:2|dim:1|id:266,0,1,5
266,000-A,2,9,3.814,1.536,0,1.110,5.285,0,0,5,0,30,0,50.3,1.210,2,1,1,row:10|pos:3|dim:1|id:267,0,1,5
267,000-A,3,9,3.747,1.849,0,1.293,5.102,0,0,5,0,31,0,55.1,1.530,3,1,1,row:10|pos:4|dim:1|id:268,0,1,5
268,000-A,4,9,3.681,2.163,0,1.500,4.894,0,0,5,0,32,0,63.5,1.850,4,1,1,row:10|pos:5|dim:1|id:269,0,1,5
269,000-A,5,9,3.614,2.475,0,1.735,4.660,0,0,5,0,33,0,75.7,2.170,5,1,1,row:10|pos:6|dim:1|id:270,0,1,5
270,000-A,6,9,3.548,2.789,0,1.990,4.405,0,0,5,0,34,0,91.0,2.490,6,1,1,row:10|pos:7|dim:1|id:271,0,1,5
271,000-A,7,9,3.481,3.102,0,2.237,4.158,0,0,5,0,35,0,106.7,2.810,7,1,1,row:10|pos:8|dim:1|id:272,0,1,5
272,000-A,8,9,3.415,3.415,0,2.426,3.968,0,0,5,0,36,0,117.7,3.130,8,1,1,row:10|pos:9|dim:1|id:273,0,1,5
273,000-A,9,9,3.348,3.728,0,2.540,3.854,0,0,5,0,37,0,122.2,3.450,9,1,1,row:10|pos:10|dim:1|id:274,0,1,5
274,000-A,10,9,3.282,4.041,0,2.505,3.889,0,0,5,0,38,0,112.9,3.770,10,1,1,row:10|pos:11|dim:1|id:275,0,1,5
275,000-A,11,9,3.215,4.354,0,2.397,3.997,0,0,5,0,39,0,97.5,4.090,11,1,1,row:10|pos:12|dim:1|id:276,0,1,5
276,000-A,12,9,3.149,4.667,0,2.250,4.145,0,0,5,0,40,0,79.1,4.410,12,1,1,row:10|pos:13|dim:1|id:277,0,1,5
277,000-A,13,9,3.082,4.980,0,2.147,4.247,0,0,5,0,41,0,66.5,4.377,13,1,1,row:10|pos:14|dim:1|id:278,0,1,5
278,000-A,14,9,3.015,5.293,0,2.105,4.290,0,0,5,0,42,0,60.8,4.057,14,1,1,row:10|pos:15|dim:1|id:279,0,1,5
279,000-A,15,9,2.949,5.606,0,2.125,4.269,0,0,5,0,43,0,62.6,3.737,15,1,1,row:10|pos:16|dim:1|id:280,0,1,5
280,000-A,16,9,2.882,5.919,0,2.111,4.284,0,0,5,0,44,0,62.0,3.417,16,1,1,row:10|pos:17|dim:1|id:281,0,1,5
281,000-A,17,9,2.816,6.232,0,2.058,4.337,0,0,5,0,45,0,58.6,3.097,17,1,1,row:10|pos:18|dim:1|id:282,0,1,5
282,000-A,18,9,2.749,6.545,0,1.983,4.412,0,0,5,0,46,0,54.1,2.777,18,1,1,row:10|pos:19|dim:1|id:283,0,1,5
283,000-A,19,9,2.683,6.858,0,1.891,4.504,0,0,5,0,47,0,49.0,2.457,19,1,1,row:10|pos:20|dim:1|id:284,0,1,5
284,000-A,20,9,2.616,7.171,0,1.788,4.607,0,0,5,0,48,0,44.0,2.137,20,1,1,row:10|pos:21|dim:1|id:285,0,1,5
285,000-A,21,9,2.550,7.484,0,1.726,4.668,0,0,5,0,49,0,44.1,1.817,21,1,1,row:10|pos:22|dim:1|id:286,0,1,5
286,000-A,22,9,2.483,7.797,0,1.680,4.714,0,0,5,0,50,0,46.9,1.497,22,1,1,row:10|pos:23|dim:1|id:287,0,1,5
287,000-A,23,9,2.417,8.110,0,1.629,4.765,0,0,5,0,51,0,50.3,1.177,23,1,1,row:10|pos:24|dim:1|id:288,0,1,5
288,000-A,24,9,2.350,8.423,0,1.593,4.802,0,0,5,0,52,0,56.3,0.857,24,1,1,row:10|pos:25|dim:1|id:289,0,1,5
289,000-A,25,9,2.284,8.736,0,1.613,4.782,0,0,5,0,53,0,69.0,0.537,25,1,1,row:10|pos:26|dim:1|id:290,0,1,5
290,000-A,0,10,2.691,8.986,0,1.652,4.743,0,0,6,0,1,0,80.1,0.343,26,1,1,row:11|pos:1|dim:1|id:291,0,1,6
291,000-A,1,10,2.757,8.673,0,1.584,4.810,0,0,6,0,2,0,61.9,0.663,25,1,1,row:11|pos:2|dim:1|id:292,0,1,6
292,000-A,2,10,2.824,8.360,0,1.558,4.837,0,0,6,0,3,0,48.9,0.983,24,1,1,row:11|pos:3|dim:1|id:293,0,1,6
293,000-A,3,10,2.890,8.047,0,1.586,4.808,0,0,6,0,4,0,42.5,1.303,23,1,1,row:11|pos:4|dim:1|id:294,0,1,6
294,000-A,4,10,2.957,7.734,0,1.629,4.766,0,0,6,0,5,0,38.6,1.623,22,1,1,row:11|pos:5|dim:1|id:295,0,1,6
295,000-A,5,10,3.023,7.421,0,1.700,4.695,0,0,6,0,6,0,38.8,1.943,21,1,1,row:11|pos:6|dim:1|id:296,0,1,6
296,000-A,6,10,3.090,7.108,0,1.813,4.581,0,0,6,0,7,0,44.2,2.263,20,1,1,row:11|pos:7|dim:1|id:297,0,1,6
297,000-A,7,10,3.156,6.795,0,1.934,4.460,0,0,6,0,8,0,51.5,2.583,19,1,1,row:11|pos:8|dim:1|id:298,0,1,6
298,000-A,8,10,3.223,6.482,0,2.072,4.323,0,0,6,0,9,0,61.6,2.903,18,1,1,row:11|pos:9|dim:1|id:299,0,1,6
299,000-A,9,10,3.289,6.169,0,2.175,4.220,0,0,6,0,10,0,69.4,3.223,17,1,1,row:11|pos:10|dim:1|id:300,0,1,6
300,000-A,10,10,3.356,5.856,0,2.208,4.186,0,0,6,0,11,0,71.2,3.543,16,1,1,row:11|pos:11|dim:1|id:301,0,1,6
301,000-A,11,10,3.422,5.543,0,2.186,4.209,0,0,6,0,12,0,68.6,3.863,15,1,1,row:11|pos:12|dim:1|id:302,0,1,6
302,000-A,12,10,3.489,5.230,0,2.125,4.270,0,0,6,0,13,0,63.3,4.183,14,1,1,row:11|pos:13|dim:1|id:303,0,1,6
303,000-A,13,10,3.555,4.917,0,2.049,4.346,0,0,6,0,14,0,57.6,4.503,13,1,1,row:11|pos:14|dim:1|id:304,0,1,6
304,000-A,14,10,3.622,4.604,0,2.063,4.331,0,0,6,0,15,0,62.0,4.236,12,1,1,row:11|pos:15|dim:1|id:305,0,1,6
305,000-A,15,10,3.688,4.291,0,2.114,4.281,0,0,6,0,16,0,71.1,3.916,11,1,1,row:11|pos:16|dim:1|id:306,0,1,6
306,000-A,16,10,3.755,3.978,0,2.077,4.318,0,0,6,0,17,0,72.7,3.596,10,1,1,row:11|pos:17|dim:1|id:307,0,1,6
307,000-A,17,10,3.822,3.665,0,2.042,4.353,0,0,6,0,18,0,75.5,3.276,9,1,1,row:11|pos:18|dim:1|id:308,0,1,6
308,000-A,18,10,3.888,3.352,0,1.909,4.486,0,0,6,0,19,0,69.7,2.956,8,1,1,row:11|pos:19|dim:1|id:309,0,1,6
309,000-A,19,10,3.955,3.039,0,1.718,4.677,0,0,6,0,20,0,59.1,2.636,7,1,1,row:11|pos:20|dim:1|id:310,0,1,6
310,000-A,20,10,4.021,2.726,0,1.553,4.842,0,0,6,0,21,0,52.2,2.316,6,1,1,row:11|pos:21|dim:1|id:311,0,1,6
311,000-A,21,10,4.088,2.413,0,1.413,4.982,0,0,6,0,22,0,49.0,1.996,5,1,1,row:11|pos:22|dim:1|id:312,0,1,6
312,000-A,22,10,4.154,2.100,0,1.257,5.137,0,0,6,0,23,0,45.4,1.676,4,1,1,row:11|pos:23|dim:1|id:313,0,1,6
313,000-A,23,10,4.221,1.787,0,1.105,5.290,0,0,6,0,24,0,43.1,1.356,3,1,1,row:11|pos:24|dim:1|id:314,0,1,6
314,000-A,24,10,4.287,1.474,0,0.888,5.507,0,0,6,0,25,0,35.5,1.036,2,1,1,row:11|pos:25|dim:1|id:315,0,1,6
315,000-A,25,10,4.354,1.161,0,0.677,5.718,0,0,6,0,26,0,29.6,0.716,1,1,1,row:11|pos:26|dim:1|id:316,0,1,6
316,000-A,26,10,4.420,0.848,0,0.483,5.912,0,0,6,0,27,0,26.6,0.396,0,1,1,row:11|pos:27|dim:1|id:317,0,1,6
317,000-A,0,11,4.827,1.098,0,0.525,5.870,0,0,6,0,28,0,25.7,0.541,0,1,1,row:12|pos:1|dim:1|id:318,0,1,6
318,000-A,1,11,4.761,1.411,0,0.693,5.702,0,0,6,0,29,0,27.8,0.861,1,1,1,row:12|pos:2|dim:1|id:319,0,1,6
319,000-A,2,11,4.694,1.724,0,0.861,5.533,0,0,6,0,30,0,31.0,1.181,2,1,1,row:12|pos:3|dim:1|id:320,0,1,6
320,000-A,3,11,4.628,2.037,0,1.034,5.360,0,0,6,0,31,0,35.5,1.501,3,1,1,row:12|pos:4|dim:1|id:321,0,1,6
321,000-A,4,11,4.561,2.350,0,1.190,5.204,0,0,6,0,32,0,39.2,1.821,4,1,1,row:12|pos:5|dim:1|id:322,0,1,6
322,000-A,5,11,4.495,2.663,0,1.328,5.067,0,0,6,0,33,0,42.0,2.141,5,1,1,row:12|pos:6|dim:1|id:323,0,1,6
323,000-A,6,11,4.428,2.976,0,1.410,4.985,0,0,6,0,34,0,40.2,2.461,6,1,1,row:12|pos:7|dim:1|id:324,0,1,6
324,000-A,7,11,4.362,3.289,0,1.526,4.869,0,0,6,0,35,0,42.7,2.781,7,1,1,row:12|pos:8|dim:1|id:325,0,1,6
325,000-A,8,11,4.295,3.602,0,1.652,4.743,0,0,6,0,36,0,47.2,3.101,8,1,1,row:12|pos:9|dim:1|id:326,0,1,6
326,000-A,9,11,4.229,3.915,0,1.746,4.649,0,0,6,0,37,0,49.3,3.421,9,1,1,row:12|pos:10|dim:1|id:327,0,1,6
327,000-A,10,11,4.162,4.228,0,1.841,4.553,0,0,6,0,38,0,52.6,3.741,10,1,1,row:12|pos:11|dim:1|id:328,0,1,6
328,000-A,11,11,4.095,4.541,0,1.893,4.501,0,0,6,0,39,0,52.4,4.061,11,1,1,row:12|pos:12|dim:1|id:329,0,1,6
329,000-A,12,11,4.029,4.854,0,1.966,4.428,0,0,6,0,40,0,55.2,4.381,12,1,1,row:12|pos:13|dim:1|id:330,0,1,6
330,000-A,13,11,3.962,5.167,0,2.080,4.314,0,0,6,0,41,0,63.1,4.701,13,1,1,row:12|pos:14|dim:1|id:331,0,1,6
331,000-A,14,11,3.896,5.480,0,2.181,4.214,0,0,6,0,42,0,70.6,4.959,14,1,1,row:12|pos:15|dim:1|id:332,0,1,6
332,000-A,15,11,3.829,5.793,0,2.246,4.148,0,0,6,0,43,0,75.4,4.639,15,1,1,row:12|pos:16|dim:1|id:333,0,1,6
333,000-A,16,11,3.763,6.106,0,2.254,4.140,0,0,6,0,44,0,75.5,4.319,16,1,1,row:12|pos:17|dim:1|id:334,0,1,6
334,000-A,17,11,3.696,6.419,0,2.171,4.224,0,0,6,0,45,0,67.3,3.999,17,1,1,row:12|pos:18|dim:1|id:335,0,1,6
335,000-A,18,11,3.630,6.732,0,2.062,4.333,0,0,6,0,46,0,57.6,3.679,18,1,1,row:12|pos:19|dim:1|id:336,0,1,6
336,000-A,19,11,3.563,7.045,0,1.946,4.448,0,0,6,0,47,0,48.0,3.359,19,1,1,row:12|pos:20|dim:1|id:337,0,1,6
337,000-A,20,11,3.497,7.358,0,1.818,4.577,0,0,6,0,48,0,38.1,3.039,20,1,1,row:12|pos:21|dim:1|id:338,0,1,6
338,000-A,21,11,3.430,7.671,0,1.675,4.720,0,0,6,0,49,0,27.8,2.719,21,1,1,row:12|pos:22|dim:1|id:339,0,1,6
339,000-A,22,11,3.364,7.984,0,1.545,4.849,0,0,6,0,50,0,19.6,2.399,22,1,1,row:12|pos:23|dim:1|id:340,0,1,6
340,000-A,23,11,3.297,8.297,0,1.470,4.925,0,0,6,0,51,0,17.8,2.079,23,1,1,row:12|pos:24|dim:1|id:341,0,1,6
341,000-A,24,11,3.231,8.610,0,1.480,4.914,0,0,6,0,52,0,25.5,1.759,24,1,1,row:12|pos:25|dim:1|id:342,0,1,6
342,000-A,25,11,3.164,8.923,0,1.551,4.844,0,0,6,0,53,0,40.2,1.439,25,1,1,row:12|pos:26|dim:1|id:343,0,1,6
343,000-A,26,11,3.098,9.236,0,1.664,4.730,0,0,6,0,54,0,60.0,1.119,26,1,1,row:12|pos:27|dim:1|id:344,0,1,6
344,000-A,27,11,3.031,9.549,0,1.813,4.581,0,0,6,0,55,0,84.4,0.799,27,1,1,row:12|pos:28|dim:1|id:345,0,1,6
345,000-A,28,11,2.964,9.862,0,1.979,4.415,0,0,6,0,56,0,111.4,0.479,28,1,1,row:12|pos:29|dim:1|id:346,0,1,6
346,000-A,0,12,3.172,11.051,0,2.980,3.415,0,0,7,0,1,0,241.5,0.348,32,1,1,row:13|pos:1|dim:1|id:347,0,1,7
347,000-A,1,12,3.238,10.738,0,2.674,3.721,0,0,7,0,2,0,198.6,0.668,31,1,1,row:13|pos:2|dim:1|id:348,0,1,7
348,000-A,2,12,3.305,10.425,0,2.380,4.015,0,0,7,0,3,0,157.7,0.988,30,1,1,row:13|pos:3|dim:1|id:349,0,1,7
349,000-A,3,12,3.371,10.112,0,2.093,4.301,0,0,7,0,4,0,118.4,1.308,29,1,1,row:13|pos:4|dim:1|id:350,0,1,7
350,000-A,4,12,3.438,9.799,0,1.866,4.529,0,0,7,0,5,0,85.9,1.628,28,1,1,row:13|pos:5|dim:1|id:351,0,1,7
351,000-A,5,12,3.504,9.486,0,1.657,4.738,0,0,7,0,6,0,56.1,1.948,27,1,1,row:13|pos:6|dim:1|id:352,0,1,7
352,000-A,6,12,3.571,9.173,0,1.468,4.926,0,0,7,0,7,0,29.3,2.268,26,1,1,row:13|pos:7|dim:1|id:353,0,1,7
353,000-A,7,12,3.637,8.860,0,1.368,5.027,0,0,7,0,8,0,12.1,2.588,25,1,1,row:13|pos:8|dim:1|id:354,0,1,7
354,000-A,8,12,3.704,8.547,0,1.359,5.036,0,0,7,0,9,0,5.0,2.908,24,1,1,row:13|pos:9|dim:1|id:355,0,1,7
355,000-A,9,12,3.771,8.234,0,1.470,4.924,0,0,7,0,10,0,10.8,3.228,23,1,1,row:13|pos:10|dim:1|id:356,0,1,7
356,000-A,10,12,3.837,7.921,0,1.667,4.728,0,0,7,0,11,0,25.9,3.548,22,1,1,row:13|pos:11|dim:1|id:357,0,1,7
357,000-A,11,12,3.904,7.608,0,1.854,4.540,0,0,7,0,12,0,41.1,3.868,21,1,1,row:13|pos:12|dim:1|id:358,0,1,7
358,000-A,12,12,3.970,7.295,0,1.996,4.398,0,0,7,0,13,0,52.6,4.188,20,1,1,row:13|pos:13|dim:1|id:359,0,1,7
359,000-A,13,12,4.037,6.982,0,2.073,4.321,0,0,7,0,14,0,58.4,4.508,19,1,1,row:13|pos:14|dim:1|id:360,0,1,7
360,000-A,14,12,4.103,6.669,0,2.141,4.253,0,0,7,0,15,0,64.3,4.828,18,1,1,row:13|pos:15|dim:1|id:361,0,1,7
361,000-A,15,12,4.170,6.356,0,2.177,4.218,0,0,7,0,16,0,67.8,5.148,17,1,1,row:13|pos:16|dim:1|id:362,0,1,7
362,000-A,16,12,4.236,6.043,0,2.213,4.181,0,0,7,0,17,0,72.2,5.463,16,1,1,row:13|pos:17|dim:1|id:363,0,1,7
363,000-A,17,12,4.303,5.730,0,2.180,4.215,0,0,7,0,18,0,70.6,5.143,15,1,1,row:13|pos:18|dim:1|id:364,0,1,7
364,000-A,18,12,4.369,5.417,0,2.087,4.307,0,0,7,0,19,0,63.9,4.823,14,1,1,row:13|pos:19|dim:1|id:365,0,1,7
365,000-A,19,12,4.436,5.104,0,1.967,4.428,0,0,7,0,20,0,55.2,4.503,13,1,1,row:13|pos:20|dim:1|id:366,0,1,7
366,000-A,20,12,4.502,4.791,0,1.848,4.546,0,0,7,0,21,0,47.7,4.183,12,1,1,row:13|pos:21|dim:1|id:367,0,1,7
367,000-A,21,12,4.569,4.478,0,1.746,4.648,0,0,7,0,22,0,42.7,3.863,11,1,1,row:13|pos:22|dim:1|id:368,0,1,7
368,000-A,22,12,4.635,4.165,0,1.658,4.737,0,0,7,0,23,0,39.9,3.543,10,1,1,row:13|pos:23|dim:1|id:369,0,1,7
369,000-A,23,12,4.702,3.852,0,1.560,4.834,0,0,7,0,24,0,37.1,3.223,9,1,1,row:13|pos:24|dim:1|id:370,0,1,7
370,000-A,24,12,4.769,3.539,0,1.450,4.945,0,0,7,0,25,0,33.9,2.903,8,1,1,row:13|pos:25|dim:1|id:371,0,1,7
371,000-A,25,12,4.835,3.226,0,1.327,5.068,0,0,7,0,26,0,30.3,2.583,7,1,1,row:13|pos:26|dim:1|id:372,0,1,7
372,000-A,26,12,4.902,2.913,0,1.206,5.189,0,0,7,0,27,0,27.8,2.263,6,1,1,row:13|pos:27|dim:1|id:373,0,1,7
373,000-A,27,12,4.968,2.600,0,1.102,5.292,0,0,7,0,28,0,27.9,1.943,5,1,1,row:13|pos:28|dim:1|id:374,0,1,7
374,000-A,28,12,5.035,2.287,0,0.978,5.417,0,0,7,0,29,0,26.8,1.623,4,1,1,row:13|pos:29|dim:1|id:375,0,1,7
375,000-A,29,12,5.101,1.974,0,0.861,5.534,0,0,7,0,30,0,27.3,1.303,3,1,1,row:13|pos:30|dim:1|id:376,0,1,7
376,000-A,30,12,5.168,1.661,0,0.760,5.634,0,0,7,0,31,0,30.4,0.983,2,1,1,row:13|pos:31|dim:1|id:377,0,1,7
377,000-A,31,12,5.234,1.348,0,0.666,5.729,0,0,7,0,32,0,34.9,0.663,1,1,1,row:13|pos:32|dim:1|id:378,0,1,7
378,000-A,32,12,5.301,1.035,0,0.582,5.813,0,0,7,0,33,0,41.3,0.343,0,1,1,row:13|pos:33|dim:1|id:379,0,1,7
379,000-A,0,13,5.708,1.285,0,0.889,5.506,0,0,7,0,34,0,63.4,0.486,0,1,1,row:14|pos:1|dim:1|id:380,0,1,7
380,000-A,1,13,5.641,1.598,0,0.874,5.521,0,0,7,0,35,0,46.5,0.805,1,1,1,row:14|pos:2|dim:1|id:381,0,1,7
381,000-A,2,13,5.574,1.911,0,0.900,5.494,0,0,7,0,36,0,34.7,1.125,2,1,1,row:14|pos:3|dim:1|id:382,0,1,7
382,000-A,3,13,5.508,2.224,0,0.939,5.456,0,0,7,0,37,0,25.1,1.445,3,1,1,row:14|pos:4|dim:1|id:383,0,1,7
383,000-A,4,13,5.441,2.537,0,1.007,5.388,0,0,7,0,38,0,19.5,1.765,4,1,1,row:14|pos:5|dim:1|id:384,0,1,7
384,000-A,5,13,5.375,2.850,0,1.102,5.292,0,0,7,0,39,0,17.7,2.085,5,1,1,row:14|pos:6|dim:1|id:385,0,1,7
385,000-A,6,13,5.308,3.163,0,1.218,5.177,0,0,7,0,40,0,18.9,2.405,6,1,1,row:14|pos:7|dim:1|id:386,0,1,7
386,000-A,7,13,5.242,3.476,0,1.352,5.043,0,0,7,0,41,0,23.0,2.725,7,1,1,row:14|pos:8|dim:1|id:387,0,1,7
387,000-A,8,13,5.175,3.789,0,1.482,4.913,0,0,7,0,42,0,27.7,3.045,8,1,1,row:14|pos:9|dim:1|id:388,0,1,7
388,000-A,9,13,5.109,4.102,0,1.553,4.841,0,0,7,0,43,0,27.6,3.365,9,1,1,row:14|pos:10|dim:1|id:389,0,1,7
389,000-A,10,13,5.042,4.415,0,1.630,4.765,0,0,7,0,44,0,29.0,3.685,10,1,1,row:14|pos:11|dim:1|id:390,0,1,7
390,000-A,11,13,4.976,4.728,0,1.718,4.676,0,0,7,0,45,0,32.6,4.005,11,1,1,row:14|pos:12|dim:1|id:391,0,1,7
391,000-A,12,13,4.909,5.041,0,1.810,4.584,0,0,7,0,46,0,37.6,4.325,12,1,1,row:14|pos:13|dim:1|id:392,0,1,7
392,000-A,13,13,4.843,5.354,0,1.932,4.463,0,0,7,0,47,0,46.7,4.645,13,1,1,row:14|pos:14|dim:1|id:393,0,1,7
393,000-A,14,13,4.776,5.667,0,2.042,4.353,0,0,7,0,48,0,55.5,4.965,14,1,1,row:14|pos:15|dim:1|id:394,0,1,7
394,000-A,15,13,4.710,5.980,0,2.103,4.292,0,0,7,0,49,0,60.5,5.285,15,1,1,row:14|pos:16|dim:1|id:395,0,1,7
395,000-A,16,13,4.643,6.293,0,2.151,4.244,0,0,7,0,50,0,65.2,5.337,16,1,1,row:14|pos:17|dim:1|id:396,0,1,7
396,000-A,17,13,4.577,6.606,0,2.168,4.226,0,0,7,0,51,0,67.9,5.017,17,1,1,row:14|pos:18|dim:1|id:397,0,1,7
397,000-A,18,13,4.510,6.919,0,2.168,4.227,0,0,7,0,52,0,69.8,4.697,18,1,1,row:14|pos:19|dim:1|id:398,0,1,7
398,000-A,19,13,4.444,7.232,0,2.144,4.251,0,0,7,0,53,0,70.4,4.377,19,1,1,row:14|pos:20|dim:1|id:399,0,1,7
399,000-A,20,13,4.377,7.545,0,2.028,4.366,0,0,7,0,54,0,62.9,4.057,20,1,1,row:14|pos:21|dim:1|id:400,0,1,7
400,000-A,21,13,4.310,7.858,0,1.855,4.540,0,0,7,0,55,0,50.6,3.737,21,1,1,row:14|pos:22|dim:1|id:401,0,1,7
401,000-A,22,13,4.244,8.171,0,1.642,4.753,0,0,7,0,56,0,35.4,3.417,22,1,1,row:14|pos:23|dim:1|id:402,0,1,7
402,000-A,23,13,4.177,8.484,0,1.460,4.934,0,0,7,0,57,0,24.3,3.097,23,1,1,row:14|pos:24|dim:1|id:403,0,1,7
403,000-A,24,13,4.111,8.797,0,1.354,5.041,0,0,7,0,58,0,21.8,2.777,24,1,1,row:14|pos:25|dim:1|id:404,0,1,7
404,000-A,25,13,4.044,9.110,0,1.418,4.977,0,0,7,0,59,0,37.3,2.457,25,1,1,row:14|pos:26|dim:1|id:405,0,1,7
405,000-A,26,13,3.978,9.423,0,1.558,4.837,0,0,7,0,60,0,61.5,2.137,26,1,1,row:14|pos:27|dim:1|id:406,0,1,7
406,000-A,27,13,3.911,9.736,0,1.764,4.631,0,0,7,0,61,0,93.3,1.817,27,1,1,row:14|pos:28|dim:1|id:407,0,1,7
407,000-A,28,13,3.845,10.049,0,2.023,4.372,0,0,7,0,62,0,131.4,1.497,28,1,1,row:14|pos:29|dim:1|id:408,0,1,7
408,000-A,29,13,3.778,10.362,0,2.331,4.063,0,0,7,0,63,0,175.6,1.177,29,1,1,row:14|pos:30|dim:1|id:409,0,1,7
409,000-A,30,13,3.712,10.675,0,2.641,3.754,0,0,7,0,64,0,220.8,0.857,30,1,1,row:14|pos:31|dim:1|id:410,0,1,7
410,000-A,31,13,3.645,10.988,0,2.916,3.478,0,0,7,0,65,0,263.6,0.537,31,1,1,row:14|pos:32|dim:1|id:411,0,1,7
411,000-A,0,14,4.052,11.238,0,3.043,3.351,0,0,8,0,1,0,282.2,0.422,31,1,1,row:15|pos:1|dim:1|id:412,0,1,8
412,000-A,1,14,4.119,10.925,0,2.803,3.592,0,0,8,0,2,0,242.5,0.742,30,1,1,row:15|pos:2|dim:1|id:413,0,1,8
413,000-A,2,14,4.185,10.612,0,2.526,3.869,0,0,8,0,3,0,200.2,1.062,29,1,1,row:15|pos:3|dim:1|id:414,0,1,8
414,000-A,3,14,4.252,10.299,0,2.213,4.182,0,0,8,0,4,0,155.2,1.382,28,1,1,row:15|pos:4|dim:1|id:415,0,1,8
415,000-A,4,14,4.318,9.986,0,1.918,4.477,0,0,8,0,5,0,113.2,1.702,27,1,1,row:15|pos:5|dim:1|id:416,0,1,8
416,000-A,5,14,4.385,9.673,0,1.677,4.717,0,0,8,0,6,0,77.5,2.022,26,1,1,row:15|pos:6|dim:1|id:417,0,1,8
417,000-A,6,14,4.451,9.360,0,1.500,4.895,0,0,8,0,7,0,49.3,2.342,25,1,1,row:15|pos:7|dim:1|id:418,0,1,8
418,000-A,7,14,4.518,9.047,0,1.415,4.980,0,0,8,0,8,0,31.3,2.662,24,1,1,row:15|pos:8|dim:1|id:419,0,1,8
419,000-A,8,14,4.584,8.734,0,1.415,4.980,0,0,8,0,9,0,22.7,2.982,23,1,1,row:15|pos:9|dim:1|id:420,0,1,8
420,000-A,9,14,4.651,8.421,0,1.590,4.804,0,0,8,0,10,0,32.8,3.302,22,1,1,row:15|pos:10|dim:1|id:421,0,1,8
421,000-A,10,14,4.717,8.108,0,1.842,4.553,0,0,8,0,11,0,51.5,3.622,21,1,1,row:15|pos:11|dim:1|id:422,0,1,8
422,000-A,11,14,4.784,7.795,0,2.053,4.342,0,0,8,0,12,0,67.2,3.942,20,1,1,row:15|pos:12|dim:1|id:423,0,1,8
423,000-A,12,14,4.850,7.482,0,2.202,4.193,0,0,8,0,13,0,77.7,4.262,19,1,1,row:15|pos:13|dim:1|id:424,0,1,8
424,000-A,13,14,4.917,7.169,0,2.272,4.123,0,0,8,0,14,0,81.3,4.582,18,1,1,row:15|pos:14|dim:1|id:425,0,1,8
425,000-A,14,14,4.984,6.856,0,2.263,4.131,0,0,8,0,15,0,78.0,4.902,17,1,1,row:15|pos:15|dim:1|id:426,0,1,8
426,000-A,15,14,5.050,6.543,0,2.202,4.192,0,0,8,0,16,0,70.6,5.222,16,1,1,row:15|pos:16|dim:1|id:427,0,1,8
427,000-A,16,14,5.117,6.230,0,2.117,4.278,0,0,8,0,17,0,61.7,5.427,15,1,1,row:15|pos:17|dim:1|id:428,0,1,8
428,000-A,17,14,5.183,5.917,0,2.001,4.394,0,0,8,0,18,0,50.8,5.107,14,1,1,row:15|pos:18|dim:1|id:429,0,1,8
429,000-A,18,14,5.250,5.604,0,1.881,4.513,0,0,8,0,19,0,40.6,4.787,13,1,1,row:15|pos:19|dim:1|id:430,0,1,8
430,000-A,19,14,5.316,5.291,0,1.774,4.621,0,0,8,0,20,0,32.6,4.467,12,1,1,row:15|pos:20|dim:1|id:431,0,1,8
431,000-A,20,14,5.383,4.978,0,1.691,4.704,0,0,8,0,21,0,28.0,4.147,11,1,1,row:15|pos:21|dim:1|id:432,0,1,8
432,000-A,21,14,5.449,4.665,0,1.614,4.780,0,0,8,0,22,0,25.1,3.827,10,1,1,row:15|pos:22|dim:1|id:433,0,1,8
433,000-A,22,14,5.516,4.352,0,1.544,4.851,0,0,8,0,23,0,23.9,3.507,9,1,1,row:15|pos:23|dim:1|id:434,0,1,8
434,000-A,23,14,5.582,4.039,0,1.479,4.916,0,0,8,0,24,0,24.2,3.187,8,1,1,row:15|pos:24|dim:1|id:435,0,1,8
435,000-A,24,14,5.649,3.726,0,1.401,4.994,0,0,8,0,25,0,24.3,2.867,7,1,1,row:15|pos:25|dim:1|id:436,0,1,8
436,000-A,25,14,5.715,3.413,0,1.309,5.086,0,0,8,0,26,0,23.9,2.547,6,1,1,row:15|pos:26|dim:1|id:437,0,1,8
437,000-A,26,14,5.782,3.100,0,1.226,5.169,0,0,8,0,27,0,25.5,2.227,5,1,1,row:15|pos:27|dim:1|id:438,0,1,8
438,000-A,27,14,5.848,2.787,0,1.154,5.241,0,0,8,0,28,0,29.2,1.907,4,1,1,row:15|pos:28|dim:1|id:439,0,1,8
439,000-A,28,14,5.915,2.474,0,1.122,5.272,0,0,8,0,29,0,38.0,1.587,3,1,1,row:15|pos:29|dim:1|id:440,0,1,8
440,000-A,29,14,5.981,2.161,0,1.142,5.252,0,0,8,0,30,0,53.0,1.267,2,1,1,row:15|pos:30|dim:1|id:441,0,1,8
441,000-A,30,14,6.048,1.848,0,1.187,5.208,0,0,8,0,31,0,71.4,0.947,1,1,1,row:15|pos:31|dim:1|id:442,0,1,8
442,000-A,31,14,6.114,1.535,0,1.256,5.138,0,0,8,0,32,0,93.3,0.627,0,1,1,row:15|pos:32|dim:1|id:443,0,1,8
443,000-A,0,15,6.588,1.472,0,1.700,4.695,0,0,8,0,33,0,146.6,0.446,0,1,1,row:16|pos:1|dim:1|id:444,0,1,8
444,000-A,1,15,6.521,1.785,0,1.620,4.774,0,0,8,0,34,0,123.2,0.766,1,1,1,row:16|pos:2|dim:1|id:445,0,1,8
445,000-A,2,15,6.455,2.098,0,1.540,4.855,0,0,8,0,35,0,100.6,1.086,2,1,1,row:16|pos:3|dim:1|id:446,0,1,8
446,000-A,3,15,6.388,2.411,0,1.459,4.935,0,0,8,0,36,0,79.0,1.406,3,1,1,row:16|pos:4|dim:1|id:447,0,1,8
447,000-A,4,15,6.322,2.724,0,1.393,5.002,0,0,8,0,37,0,59.9,1.726,4,1,1,row:16|pos:5|dim:1|id:448,0,1,8
448,000-A,5,15,6.255,3.037,0,1.365,5.030,0,0,8,0,38,0,45.6,2.046,5,1,1,row:16|pos:6|dim:1|id:449,0,1,8
449,000-A,6,15,6.189,3.350,0,1.371,5.023,0,0,8,0,39,0,35.8,2.366,6,1,1,row:16|pos:7|dim:1|id:450,0,1,8
450,000-A,7,15,6.122,3.663,0,1.410,4.984,0,0,8,0,40,0,30.3,2.686,7,1,1,row:16|pos:8|dim:1|id:451,0,1,8
451,000-A,8,15,6.056,3.976,0,1.459,4.936,0,0,8,0,41,0,26.7,3.006,8,1,1,row:16|pos:9|dim:1|id:452,0,1,8
452,000-A,9,15,5.989,4.289,0,1.502,4.892,0,0,8,0,42,0,23.6,3.326,9,1,1,row:16|pos:10|dim:1|id:453,0,1,8
453,000-A,10,15,5.923,4.602,0,1.550,4.845,0,0,8,0,43,0,22.0,3.646,10,1,1,row:16|pos:11|dim:1|id:454,0,1,8
454,000-A,11,15,5.856,4.915,0,1.603,4.792,0,0,8,0,44,0,21.9,3.966,11,1,1,row:16|pos:12|dim:1|id:455,0,1,8
455,000-A,12,15,5.790,5.228,0,1.664,4.731,0,0,8,0,45,0,23.7,4.286,12,1,1,row:16|pos:13|dim:1|id:456,0,1,8
456,000-A,13,15,5.723,5.541,0,1.741,4.654,0,0,8,0,46,0,28.1,4.606,13,1,1,row:16|pos:14|dim:1|id:457,0,1,8
457,000-A,14,15,5.657,5.854,0,1.823,4.572,0,0,8,0,47,0,33.9,4.926,14,1,1,row:16|pos:15|dim:1|id:458,0,1,8
458,000-A,15,15,5.590,6.167,0,1.970,4.425,0,0,8,0,48,0,47.3,5.246,15,1,1,row:16|pos:16|dim:1|id:459,0,1,8
459,000-A,16,15,5.523,6.480,0,2.116,4.279,0,0,8,0,49,0,61.6,5.428,16,1,1,row:16|pos:17|dim:1|id:460,0,1,8
460,000-A,17,15,5.457,6.793,0,2.224,4.170,0,0,8,0,50,0,73.2,5.108,17,1,1,row:16|pos:18|dim:1|id:461,0,1,8
461,000-A,18,15,5.390,7.106,0,2.308,4.086,0,0,8,0,51,0,83.4,4.788,18,1,1,row:16|pos:19|dim:1|id:462,0,1,8
462,000-A,19,15,5.324,7.419,0,2.320,4.075,0,0,8,0,52,0,87.3,4.468,19,1,1,row:16|pos:20|dim:1|id:463,0,1,8
463,000-A,20,15,5.257,7.732,0,2.235,4.160,0,0,8,0,53,0,82.5,4.148,20,1,1,row:16|pos:21|dim:1|id:464,0,1,8
464,000-A,21,15,5.191,8.045,0,2.071,4.324,0,0,8,0,54,0,71.0,3.828,21,1,1,row:16|pos:22|dim:1|id:465,0,1,8
465,000-A,22,15,5.124,8.358,0,1.832,4.563,0,0,8,0,55,0,52.8,3.508,22,1,1,row:16|pos:23|dim:1|id:466,0,1,8
466,000-A,23,15,5.058,8.671,0,1.589,4.806,0,0,8,0,56,0,35.4,3.188,23,1,1,row:16|pos:24|dim:1|id:467,0,1,8
467,000-A,24,15,4.991,8.984,0,1.456,4.939,0,0,8,0,57,0,30.0,2.868,24,1,1,row:16|pos:25|dim:1|id:468,0,1,8
468,000-A,25,15,4.925,9.297,0,1.436,4.959,0,0,8,0,58,0,36.8,2.548,25,1,1,row:16|pos:26|dim:1|id:469,0,1,8
469,000-A,26,15,4.858,9.610,0,1.532,4.863,0,0,8,0,59,0,56.3,2.228,26,1,1,row:16|pos:27|dim:1|id:470,0,1,8
470,000-A,27,15,4.792,9.923,0,1.739,4.655,0,0,8,0,60,0,87.9,1.908,27,1,1,row:16|pos:28|dim:1|id:471,0,1,8
471,000-A,28,15,4.725,10.236,0,2.002,4.392,0,0,8,0,61,0,126.1,1.588,28,1,1,row:16|pos:29|dim:1|id:472,0,1,8
472,000-A,29,15,4.659,10.549,0,2.315,4.080,0,0,8,0,62,0,170.3,1.268,29,1,1,row:16|pos:30|dim:1|id:473,0,1,8
473,000-A,30,15,4.592,10.862,0,2.616,3.778,0,0,8,0,63,0,214.4,0.948,30,1,1,row:16|pos:31|dim:1|id:474,0,1,8
474,000-A,31,15,4.526,11.175,0,2.885,3.510,0,0,8,0,64,0,256.2,0.628,31,1,1,row:16|pos:32|dim:1|id:475,0,1,8
475,000-A,32,15,4.459,11.488,0,3.129,3.266,0,0,8,0,65,0,296.6,0.308,32,1,1,row:16|pos:33|dim:1|id:476,0,1,8
476,000-A,0,16,4.932,11.425,0,2.996,3.399,0,0,9,0,1,0,272.9,0.513,31,1,1,row:17|pos:1|dim:2|id:477,0,2,1
477,000-A,1,16,4.999,11.112,0,2.759,3.636,0,0,9,0,2,0,233.9,0.833,30,1,1,row:17|pos:2|dim:2|id:478,0,2,1
478,000-A,2,16,5.065,10.799,0,2.510,3.885,0,0,9,0,3,0,194.8,1.154,29,1,1,row:17|pos:3|dim:2|id:479,0,2,1
479,000-A,3,16,5.132,10.486,0,2.223,4.171,0,0,9,0,4,0,152.8,1.474,28,1,1,row:17|pos:4|dim:2|id:480,0,2,1
480,000-A,4,16,5.199,10.173,0,1.945,4.449,0,0,9,0,5,0,112.8,1.793,27,1,1,row:17|pos:5|dim:2|id:481,0,2,1
481,000-A,5,16,5.265,9.860,0,1.691,4.704,0,0,9,0,6,0,76.1,2.113,26,1,1,row:17|pos:6|dim:2|id:482,0,2,1
482,000-A,6,16,5.332,9.547,0,1.502,4.892,0,0,9,0,7,0,47.0,2.433,25,1,1,row:17|pos:7|dim:2|id:483,0,2,1
483,000-A,7,16,5.398,9.234,0,1.464,4.931,0,0,9,0,8,0,33.9,2.753,24,1,1,row:17|pos:8|dim:2|id:484,0,2,1
484,000-A,8,16,5.465,8.921,0,1.571,4.824,0,0,9,0,9,0,36.4,3.073,23,1,1,row:17|pos:9|dim:2|id:485,0,2,1
485,000-A,9,16,5.531,8.608,0,1.779,4.615,0,0,9,0,10,0,50.1,3.393,22,1,1,row:17|pos:10|dim:2|id:486,0,2,1
486,000-A,10,16,5.598,8.295,0,2.009,4.386,0,0,9,0,11,0,66.9,3.713,21,1,1,row:17|pos:11|dim:2|id:487,0,2,1
487,000-A,11,16,5.664,7.982,0,2.199,4.196,0,0,9,0,12,0,80.7,4.033,20,1,1,row:17|pos:12|dim:2|id:488,0,2,1
488,000-A,12,16,5.731,7.669,0,2.298,4.096,0,0,9,0,13,0,86.4,4.353,19,1,1,row:17|pos:13|dim:2|id:489,0,2,1
489,000-A,13,16,5.797,7.356,0,2.281,4.114,0,0,9,0,14,0,81.6,4.673,18,1,1,row:17|pos:14|dim:2|id:490,0,2,1
490,000-A,14,16,5.864,7.043,0,2.181,4.214,0,0,9,0,15,0,69.5,4.993,17,1,1,row:17|pos:15|dim:2|id:491,0,2,1
491,000-A,15,16,5.930,6.730,0,2.048,4.347,0,0,9,0,16,0,55.0,5.313,16,1,1,row:17|pos:16|dim:2|id:492,0,2,1
492,000-A,16,16,5.997,6.417,0,1.904,4.491,0,0,9,0,17,0,40.5,5.382,15,1,1,row:17|pos:17|dim:2|id:493,0,2,1
493,000-A,17,16,6.063,6.104,0,1.803,4.592,0,0,9,0,18,0,31.3,5.062,14,1,1,row:17|pos:18|dim:2|id:494,0,2,1
494,000-A,18,16,6.130,5.791,0,1.724,4.671,0,0,9,0,19,0,25.3,4.742,13,1,1,row:17|pos:19|dim:2|id:495,0,2,1
495,000-A,19,16,6.197,5.478,0,1.659,4.735,0,0,9,0,20,0,21.8,4.422,12,1,1,row:17|pos:20|dim:2|id:496,0,2,1
496,000-A,20,16,6.263,5.165,0,1.605,4.790,0,0,9,0,21,0,20.3,4.102,11,1,1,row:17|pos:21|dim:2|id:497,0,2,1
497,000-A,21,16,6.330,4.852,0,1.565,4.830,0,0,9,0,22,0,21.2,3.782,10,1,1,row:17|pos:22|dim:2|id:498,0,2,1
498,000-A,22,16,6.396,4.539,0,1.532,4.863,0,0,9,0,23,0,23.9,3.462,9,1,1,row:17|pos:23|dim:2|id:499,0,2,1
499,000-A,23,16,6.463,4.226,0,1.503,4.891,0,0,9,0,24,0,28.0,3.142,8,1,1,row:17|pos:24|dim:2|id:500,0,2,1
500,000-A,24,16,6.529,3.913,0,1.492,4.903,0,0,9,0,25,0,34.9,2.822,7,1,1,row:17|pos:25|dim:2|id:501,0,2,1
501,000-A,25,16,6.596,3.600,0,1.499,4.896,0,0,9,0,26,0,44.6,2.502,6,1,1,row:17|pos:26|dim:2|id:502,0,2,1
502,000-A,26,16,6.662,3.287,0,1.547,4.848,0,0,9,0,27,0,59.4,2.182,5,1,1,row:17|pos:27|dim:2|id:503,0,2,1
503,000-A,27,16,6.729,2.974,0,1.656,4.738,0,0,9,0,28,0,81.4,1.862,4,1,1,row:17|pos:28|dim:2|id:504,0,2,1
504,000-A,28,16,6.795,2.661,0,1.788,4.607,0,0,9,0,29,0,106.6,1.542,3,1,1,row:17|pos:29|dim:2|id:505,0,2,1
505,000-A,29,16,6.862,2.348,0,1.911,4.483,0,0,9,0,30,0,131.9,1.222,2,1,1,row:17|pos:30|dim:2|id:506,0,2,1
506,000-A,30,16,6.928,2.035,0,2.009,4.385,0,0,9,0,31,0,155.8,0.902,1,1,1,row:17|pos:31|dim:2|id:507,0,2,1
507,000-A,31,16,6.995,1.722,0,2.109,4.285,0,0,9,0,32,0,180.9,0.582,0,1,1,row:17|pos:32|dim:2|id:508,0,2,1
508,000-A,0,17,7.468,1.659,0,2.591,3.803,0,0,9,0,33,0,212.3,0.424,0,1,1,row:18|pos:1|dim:2|id:509,0,2,1
509,000-A,1,17,7.402,1.972,0,2.454,3.941,0,0,9,0,34,0,185.2,0.744,1,1,1,row:18|pos:2|dim:2|id:510,0,2,1
510,000-A,2,17,7.335,2.285,0,2.297,4.098,0,0,9,0,35,0,157.2,1.064,2,1,1,row:18|pos:3|dim:2|id:511,0,2,1
511,000-A,3,17,7.269,2.598,0,2.130,4.265,0,0,9,0,36,0,129.1,1.384,3,1,1,row:18|pos:4|dim:2|id:512,0,2,1
512,000-A,4,17,7.202,2.911,0,1.964,4.431,0,0,9,0,37,0,102.0,1.704,4,1,1,row:18|pos:5|dim:2|id:513,0,2,1
513,000-A,5,17,7.136,3.224,0,1.779,4.616,0,0,9,0,38,0,73.9,2.024,5,1,1,row:18|pos:6|dim:2|id:514,0,2,1
514,000-A,6,17,7.069,3.537,0,1.623,4.771,0,0,9,0,39,0,49.7,2.344,6,1,1,row:18|pos:7|dim:2|id:515,0,2,1
515,000-A,7,17,7.003,3.850,0,1.540,4.854,0,0,9,0,40,0,33.6,2.664,7,1,1,row:18|pos:8|dim:2|id:516,0,2,1
516,000-A,8,17,6.936,4.163,0,1.515,4.879,0,0,9,0,41,0,24.2,2.984,8,1,1,row:18|pos:9|dim:2|id:517,0,2,1
517,000-A,9,17,6.870,4.476,0,1.544,4.851,0,0,9,0,42,0,21.1,3.304,9,1,1,row:18|pos:10|dim:2|id:518,0,2,1
518,000-A,10,17,6.803,4.789,0,1.563,4.832,0,0,9,0,43,0,18.0,3.624,10,1,1,row:18|pos:11|dim:2|id:519,0,2,1
519,000-A,11,17,6.736,5.102,0,1.588,4.807,0,0,9,0,44,0,16.4,3.944,11,1,1,row:18|pos:12|dim:2|id:520,0,2,1
520,000-A,12,17,6.670,5.415,0,1.646,4.749,0,0,9,0,45,0,18.9,4.264,12,1,1,row:18|pos:13|dim:2|id:521,0,2,1
521,000-A,13,17,6.603,5.728,0,1.720,4.674,0,0,9,0,46,0,24.0,4.584,13,1,1,row:18|pos:14|dim:2|id:522,0,2,1
522,000-A,14,17,6.537,6.041,0,1.836,4.559,0,0,9,0,47,0,34.1,4.904,14,1,1,row:18|pos:15|dim:2|id:523,0,2,1
523,000-A,15,17,6.470,6.354,0,1.990,4.405,0,0,9,0,48,0,49.0,5.224,15,1,1,row:18|pos:16|dim:2|id:524,0,2,1
524,000-A,16,17,6.404,6.667,0,2.199,4.195,0,0,9,0,49,0,70.4,5.520,16,1,1,row:18|pos:17|dim:2|id:525,0,2,1
525,000-A,17,17,6.337,6.980,0,2.381,4.013,0,0,9,0,50,0,89.8,5.200,17,1,1,row:18|pos:18|dim:2|id:526,0,2,1
526,000-A,18,17,6.271,7.293,0,2.474,3.920,0,0,9,0,51,0,101.3,4.880,18,1,1,row:18|pos:19|dim:2|id:527,0,2,1
527,000-A,19,17,6.204,7.606,0,2.444,3.951,0,0,9,0,52,0,101.4,4.560,19,1,1,row:18|pos:20|dim:2|id:528,0,2,1
528,000-A,20,17,6.138,7.919,0,2.291,4.104,0,0,9,0,53,0,90.1,4.240,20,1,1,row:18|pos:21|dim:2|id:529,0,2,1
529,000-A,21,17,6.071,8.232,0,2.104,4.290,0,0,9,0,54,0,76.4,3.920,21,1,1,row:18|pos:22|dim:2|id:530,0,2,1
530,000-A,22,17,6.005,8.545,0,1.885,4.510,0,0,9,0,55,0,60.3,3.600,22,1,1,row:18|pos:23|dim:2|id:531,0,2,1
531,000-A,23,17,5.938,8.858,0,1.693,4.702,0,0,9,0,56,0,47.9,3.280,23,1,1,row:18|pos:24|dim:2|id:532,0,2,1
532,000-A,24,17,5.872,9.171,0,1.573,4.821,0,0,9,0,57,0,43.5,2.960,24,1,1,row:18|pos:25|dim:2|id:533,0,2,1
533,000-A,25,17,5.805,9.484,0,1.600,4.794,0,0,9,0,58,0,54.8,2.640,25,1,1,row:18|pos:26|dim:2|id:534,0,2,1
534,000-A,26,17,5.739,9.797,0,1.757,4.638,0,0,9,0,59,0,80.0,2.320,26,1,1,row:18|pos:27|dim:2|id:535,0,2,1
535,000-A,27,17,5.672,10.110,0,1.998,4.397,0,0,9,0,60,0,114.4,2.000,27,1,1,row:18|pos:28|dim:2|id:536,0,2,1
536,000-A,28,17,5.605,10.423,0,2.264,4.131,0,0,9,0,61,0,152.3,1.680,28,1,1,row:18|pos:29|dim:2|id:537,0,2,1
537,000-A,29,17,5.539,10.736,0,2.532,3.863,0,0,9,0,62,0,191.3,1.360,29,1,1,row:18|pos:30|dim:2|id:538,0,2,1
538,000-A,30,17,5.472,11.049,0,2.762,3.633,0,0,9,0,63,0,227.3,1.040,30,1,1,row:18|pos:31|dim:2|id:539,0,2,1
539,000-A,31,17,5.406,11.362,0,2.953,3.442,0,0,9,0,64,0,260.4,0.720,31,1,1,row:18|pos:32|dim:2|id:540,0,2,1
540,000-A,32,17,5.339,11.675,0,3.116,3.279,0,0,9,0,65,0,291.7,0.400,32,1,1,row:18|pos:33|dim:2|id:541,0,2,1
541,000-A,0,18,5.813,11.612,0,3.049,3.346,0,0,10,0,1,0,273.7,0.606,31,1,1,row:19|pos:1|dim:2|id:542,0,2,2
542,000-A,1,18,5.879,11.299,0,2.899,3.495,0,0,10,0,2,0,243.8,0.926,30,1,1,row:19|pos:2|dim:2|id:543,0,2,2
543,000-A,2,18,5.946,10.986,0,2.733,3.662,0,0,10,0,3,0,213.1,1.246,29,1,1,row:19|pos:3|dim:2|id:544,0,2,2
544,000-A,3,18,6.012,10.673,0,2.521,3.873,0,0,10,0,4,0,179.0,1.566,28,1,1,row:19|pos:4|dim:2|id:545,0,2,2
545,000-A,4,18,6.079,10.360,0,2.266,4.128,0,0,10,0,5,0,141.6,1.886,27,1,1,row:19|pos:5|dim:2|id:546,0,2,2
546,000-A,5,18,6.145,10.047,0,2.039,4.356,0,0,10,0,6,0,107.9,2.207,26,1,1,row:19|pos:6|dim:2|id:547,0,2,2
547,000-A,6,18,6.212,9.734,0,1.842,4.553,0,0,10,0,7,0,78.2,2.527,25,1,1,row:19|pos:7|dim:2|id:548,0,2,2
548,000-A,7,18,6.278,9.421,0,1.727,4.667,0,0,10,0,8,0,57.9,2.846,24,1,1,row:19|pos:8|dim:2|id:549,0,2,2
549,000-A,8,18,6.345,9.108,0,1.736,4.658,0,0,10,0,9,0,50.8,3.166,23,1,1,row:19|pos:9|dim:2|id:550,0,2,2
550,000-A,9,18,6.412,8.795,0,1.848,4.546,0,0,10,0,10,0,55.1,3.486,22,1,1,row:19|pos:10|dim:2|id:551,0,2,2
551,000-A,10,18,6.478,8.482,0,2.073,4.322,0,0,10,0,11,0,71.7,3.806,21,1,1,row:19|pos:11|dim:2|id:552,0,2,2
552,000-A,11,18,6.545,8.169,0,2.388,4.007,0,0,10,0,12,0,98.3,4.126,20,1,1,row:19|pos:12|dim:2|id:553,0,2,2
553,000-A,12,18,6.611,7.856,0,2.665,3.730,0,0,10,0,13,0,122.2,4.446,19,1,1,row:19|pos:13|dim:2|id:554,0,2,2
554,000-A,13,18,6.678,7.543,0,2.875,3.520,0,0,10,0,14,0,140.2,4.766,18,1,1,row:19|pos:14|dim:2|id:555,0,2,2
555,000-A,14,18,6.744,7.230,0,2.922,3.472,0,0,10,0,15,0,143.2,5.086,17,1,1,row:19|pos:15|dim:2|id:556,0,2,2
556,000-A,15,18,6.811,6.917,0,2.835,3.560,0,0,10,0,16,0,133.5,5.406,16,1,1,row:19|pos:16|dim:2|id:557,0,2,2
557,000-A,16,18,6.877,6.604,0,2.622,3.773,0,0,10,0,17,0,112.4,5.297,15,1,1,row:19|pos:17|dim:2|id:558,0,2,2
558,000-A,17,18,6.944,6.291,0,2.273,4.122,0,0,10,0,18,0,78.8,4.977,14,1,1,row:19|pos:18|dim:2|id:559,0,2,2
559,000-A,18,18,7.010,5.978,0,1.967,4.428,0,0,10,0,19,0,50.3,4.657,13,1,1,row:19|pos:19|dim:2|id:560,0,2,2
560,000-A,19,18,7.077,5.665,0,1.771,4.623,0,0,10,0,20,0,34.0,4.337,12,1,1,row:19|pos:20|dim:2|id:561,0,2,2
561,000-A,20,18,7.143,5.352,0,1.647,4.748,0,0,10,0,21,0,25.7,4.017,11,1,1,row:19|pos:21|dim:2|id:562,0,2,2
562,000-A,21,18,7.210,5.039,0,1.566,4.829,0,0,10,0,22,0,22.9,3.697,10,1,1,row:19|pos:22|dim:2|id:563,0,2,2
563,000-A,22,18,7.276,4.726,0,1.538,4.856,0,0,10,0,23,0,26.4,3.377,9,1,1,row:19|pos:23|dim:2|id:564,0,2,2
564,000-A,23,18,7.343,4.413,0,1.529,4.865,0,0,10,0,24,0,32.7,3.057,8,1,1,row:19|pos:24|dim:2|id:565,0,2,2
565,000-A,24,18,7.410,4.100,0,1.506,4.888,0,0,10,0,25,0,38.7,2.737,7,1,1,row:19|pos:25|dim:2|id:566,0,2,2
566,000-A,25,18,7.476,3.787,0,1.567,4.827,0,0,10,0,26,0,54.0,2.417,6,1,1,row:19|pos:26|dim:2|id:567,0,2,2
567,000-A,26,18,7.543,3.474,0,1.733,4.661,0,0,10,0,27,0,80.9,2.097,5,1,1,row:19|pos:27|dim:2|id:568,0,2,2
568,000-A,27,18,7.609,3.161,0,1.939,4.456,0,0,10,0,28,0,112.7,1.777,4,1,1,row:19|pos:28|dim:2|id:569,0,2,2
569,000-A,28,18,7.676,2.848,0,2.144,4.251,0,0,10,0,29,0,145.6,1.457,3,1,1,row:19|pos:29|dim:2|id:570,0,2,2
570,000-A,29,18,7.742,2.535,0,2.337,4.057,0,0,10,0,30,0,178.3,1.137,2,1,1,row:19|pos:30|dim:2|id:571,0,2,2
571,000-A,30,18,7.809,2.222,0,2.541,3.854,0,0,10,0,31,0,213.0,0.817,1,1,1,row:19|pos:31|dim:2|id:572,0,2,2
572,000-A,31,18,7.875,1.909,0,2.740,3.654,0,0,10,0,32,0,248.2,0.497,0,1,1,row:19|pos:32|dim:2|id:573,0,2,2
573,000-A,0,19,8.282,2.159,0,2.746,3.649,0,0,10,0,33,0,243.6,0.604,0,1,1,row:20|pos:1|dim:2|id:574,0,2,2
574,000-A,1,19,8.216,2.472,0,2.527,3.868,0,0,10,0,34,0,206.7,0.924,1,1,1,row:20|pos:2|dim:2|id:575,0,2,2
575,000-A,2,19,8.149,2.785,0,2.300,4.095,0,0,10,0,35,0,169.9,1.244,2,1,1,row:20|pos:3|dim:2|id:576,0,2,2
576,000-A,3,19,8.082,3.098,0,2.065,4.329,0,0,10,0,36,0,133.5,1.564,3,1,1,row:20|pos:4|dim:2|id:577,0,2,2
577,000-A,4,19,8.016,3.411,0,1.835,4.559,0,0,10,0,37,0,98.5,1.884,4,1,1,row:20|pos:5|dim:2|id:578,0,2,2
578,000-A,5,19,7.949,3.724,0,1.630,4.764,0,0,10,0,38,0,67.0,2.204,5,1,1,row:20|pos:6|dim:2|id:579,0,2,2
579,000-A,6,19,7.883,4.037,0,1.521,4.874,0,0,10,0,39,0,46.2,2.524,6,1,1,row:20|pos:7|dim:2|id:580,0,2,2
580,000-A,7,19,7.816,4.350,0,1.474,4.920,0,0,10,0,40,0,32.6,2.844,7,1,1,row:20|pos:8|dim:2|id:581,0,2,2
581,000-A,8,19,7.750,4.663,0,1.480,4.915,0,0,10,0,41,0,25.2,3.164,8,1,1,row:20|pos:9|dim:2|id:582,0,2,2
582,000-A,9,19,7.683,4.976,0,1.529,4.865,0,0,10,0,42,0,23.2,3.484,9,1,1,row:20|pos:10|dim:2|id:583,0,2,2
583,000-A,10,19,7.617,5.289,0,1.645,4.750,0,0,10,0,43,0,28.9,3.804,10,1,1,row:20|pos:11|dim:2|id:584,0,2,2
584,000-A,11,19,7.550,5.602,0,1.838,4.556,0,0,10,0,44,0,43.4,4.124,11,1,1,row:20|pos:12|dim:2|id:585,0,2,2
585,000-A,12,19,7.484,5.915,0,2.155,4.240,0,0,10,0,45,0,71.1,4.444,12,1,1,row:20|pos:13|dim:2|id:586,0,2,2
586,000-A,13,19,7.417,6.228,0,2.601,3.794,0,0,10,0,46,0,112.8,4.764,13,1,1,row:20|pos:14|dim:2|id:587,0,2,2
587,000-A,14,19,7.351,6.541,0,3.078,3.317,0,0,10,0,47,0,158.7,5.084,14,1,1,row:20|pos:15|dim:2|id:588,0,2,2
588,000-A,15,19,7.284,6.854,0,3.305,3.089,0,0,10,0,48,0,180.6,5.404,15,1,1,row:20|pos:16|dim:2|id:589,0,2,2
589,000-A,16,19,7.218,7.167,0,3.324,3.071,0,0,10,0,49,0,182.7,5.294,16,1,1,row:20|pos:17|dim:2|id:590,0,2,2
590,000-A,17,19,7.151,7.480,0,3.274,3.120,0,0,10,0,50,0,178.9,4.974,17,1,1,row:20|pos:18|dim:2|id:591,0,2,2
591,000-A,18,19,7.085,7.793,0,3.128,3.267,0,0,10,0,51,0,166.4,4.653,18,1,1,row:20|pos:19|dim:2|id:592,0,2,2
592,000-A,19,19,7.018,8.106,0,2.883,3.512,0,0,10,0,52,0,145.2,4.334,19,1,1,row:20|pos:20|dim:2|id:593,0,2,2
593,000-A,20,19,6.951,8.419,0,2.543,3.851,0,0,10,0,53,0,115.4,4.013,20,1,1,row:20|pos:21|dim:2|id:594,0,2,2
594,000-A,21,19,6.885,8.732,0,2.253,4.141,0,0,10,0,54,0,91.6,3.694,21,1,1,row:20|pos:22|dim:2|id:595,0,2,2
595,000-A,22,19,6.818,9.045,0,2.104,4.291,0,0,10,0,55,0,83.0,3.374,22,1,1,row:20|pos:23|dim:2|id:596,0,2,2
596,000-A,23,19,6.752,9.358,0,2.037,4.358,0,0,10,0,56,0,83.5,3.054,23,1,1,row:20|pos:24|dim:2|id:597,0,2,2
597,000-A,24,19,6.685,9.671,0,2.029,4.366,0,0,10,0,57,0,91.0,2.734,24,1,1,row:20|pos:25|dim:2|id:598,0,2,2
598,000-A,25,19,6.619,9.984,0,2.146,4.248,0,0,10,0,58,0,112.0,2.414,25,1,1,row:20|pos:26|dim:2|id:599,0,2,2
599,000-A,26,19,6.552,10.297,0,2.326,4.068,0,0,10,0,59,0,140.3,2.094,26,1,1,row:20|pos:27|dim:2|id:600,0,2,2
600,000-A,27,19,6.486,10.610,0,2.534,3.860,0,0,10,0,60,0,172.4,1.774,27,1,1,row:20|pos:28|dim:2|id:601,0,2,2
601,000-A,28,19,6.419,10.923,0,2.712,3.682,0,0,10,0,61,0,202.6,1.454,28,1,1,row:20|pos:29|dim:2|id:602,0,2,2
602,000-A,29,19,6.353,11.236,0,2.846,3.549,0,0,10,0,62,0,229.2,1.134,29,1,1,row:20|pos:30|dim:2|id:603,0,2,2
603,000-A,30,19,6.286,11.549,0,2.955,3.439,0,0,10,0,63,0,254.6,0.814,30,1,1,row:20|pos:31|dim:2|id:604,0,2,2
604,000-A,31,19,6.220,11.862,0,3.098,3.297,0,0,10,0,64,0,284.1,0.494,31,1,1,row:20|pos:32|dim:2|id:605,0,2,2
605,000-A,0,20,6.627,12.112,0,3.229,3.166,0,0,11,0,1,0,302.8,0.381,32,1,1,row:21|pos:1|dim:2|id:606,0,2,3
606,000-A,1,20,6.693,11.799,0,3.026,3.369,0,0,11,0,2,0,266.7,0.701,31,1,1,row:21|pos:2|dim:2|id:607,0,2,3
607,000-A,2,20,6.760,11.486,0,2.865,3.529,0,0,11,0,3,0,235.9,1.021,30,1,1,row:21|pos:3|dim:2|id:608,0,2,3
608,000-A,3,20,6.826,11.173,0,2.819,3.576,0,0,11,0,4,0,217.6,1.341,29,1,1,row:21|pos:4|dim:2|id:609,0,2,3
609,000-A,4,20,6.893,10.860,0,2.755,3.640,0,0,11,0,5,0,198.5,1.661,28,1,1,row:21|pos:5|dim:2|id:610,0,2,3
610,000-A,5,20,6.959,10.547,0,2.655,3.740,0,0,11,0,6,0,176.8,1.981,27,1,1,row:21|pos:6|dim:2|id:611,0,2,3
611,000-A,6,20,7.026,10.234,0,2.544,3.850,0,0,11,0,7,0,155.1,2.301,26,1,1,row:21|pos:7|dim:2|id:612,0,2,3
612,000-A,7,20,7.092,9.921,0,2.482,3.913,0,0,11,0,8,0,139.2,2.621,25,1,1,row:21|pos:8|dim:2|id:613,0,2,3
613,000-A,8,20,7.159,9.608,0,2.486,3.908,0,0,11,0,9,0,131.0,2.941,24,1,1,row:21|pos:9|dim:2|id:614,0,2,3
614,000-A,9,20,7.225,9.295,0,2.521,3.873,0,0,11,0,10,0,126.9,3.261,23,1,1,row:21|pos:10|dim:2|id:615,0,2,3
615,000-A,10,20,7.292,8.982,0,2.559,3.835,0,0,11,0,11,0,124.2,3.581,22,1,1,row:21|pos:11|dim:2|id:616,0,2,3
616,000-A,11,20,7.358,8.669,0,2.723,3.671,0,0,11,0,12,0,135.0,3.901,21,1,1,row:21|pos:12|dim:2|id:617,0,2,3
617,000-A,12,20,7.425,8.356,0,3.028,3.366,0,0,11,0,13,0,160.9,4.221,20,1,1,row:21|pos:13|dim:2|id:618,0,2,3
618,000-A,13,20,7.491,8.043,0,3.375,3.019,0,0,11,0,14,0,192.1,4.541,19,1,1,row:21|pos:14|dim:2|id:619,0,2,3
619,000-A,14,20,7.558,7.730,0,3.609,2.785,0,0,11,0,15,0,213.0,4.861,18,1,1,row:21|pos:15|dim:2|id:620,0,2,3
620,000-A,15,20,7.625,7.417,0,3.774,2.621,0,0,11,0,16,0,227.9,5.181,17,1,1,row:21|pos:16|dim:2|id:621,0,2,3
621,000-A,16,20,7.691,7.104,0,3.808,2.586,0,0,11,0,17,0,230.9,5.486,16,1,1,row:21|pos:17|dim:2|id:622,0,2,3
622,000-A,17,20,7.758,6.791,0,3.757,2.638,0,0,11,0,18,0,226.2,5.166,15,1,1,row:21|pos:18|dim:2|id:623,0,2,3
623,000-A,18,20,7.824,6.478,0,3.534,2.860,0,0,11,0,19,0,205.6,4.846,14,1,1,row:21|pos:19|dim:2|id:624,0,2,3
624,000-A,19,20,7.891,6.165,0,3.029,3.365,0,0,11,0,20,0,157.6,4.526,13,1,1,row:21|pos:20|dim:2|id:625,0,2,3
625,000-A,20,20,7.957,5.852,0,2.434,3.961,0,0,11,0,21,0,101.6,4.206,12,1,1,row:21|pos:21|dim:2|id:626,0,2,3
626,000-A,21,20,8.024,5.539,0,1.941,4.454,0,0,11,0,22,0,57.0,3.886,11,1,1,row:21|pos:22|dim:2|id:627,0,2,3
627,000-A,22,20,8.090,5.226,0,1.673,4.722,0,0,11,0,23,0,35.8,3.566,10,1,1,row:21|pos:23|dim:2|id:628,0,2,3
628,000-A,23,20,8.157,4.913,0,1.513,4.881,0,0,11,0,24,0,26.5,3.246,9,1,1,row:21|pos:24|dim:2|id:629,0,2,3
629,000-A,24,20,8.223,4.600,0,1.481,4.913,0,0,11,0,25,0,30.9,2.926,8,1,1,row:21|pos:25|dim:2|id:630,0,2,3
630,000-A,25,20,8.290,4.287,0,1.534,4.861,0,0,11,0,26,0,44.8,2.606,7,1,1,row:21|pos:26|dim:2|id:631,0,2,3
631,000-A,26,20,8.356,3.974,0,1.643,4.752,0,0,11,0,27,0,65.5,2.286,6,1,1,row:21|pos:27|dim:2|id:632,0,2,3
632,000-A,27,20,8.423,3.661,0,1.797,4.598,0,0,11,0,28,0,91.5,1.966,5,1,1,row:21|pos:28|dim:2|id:633,0,2,3
633,000-A,28,20,8.489,3.348,0,1.987,4.407,0,0,11,0,29,0,122.4,1.646,4,1,1,row:21|pos:29|dim:2|id:634,0,2,3
634,000-A,29,20,8.556,3.035,0,2.215,4.179,0,0,11,0,30,0,157.9,1.326,3,1,1,row:21|pos:30|dim:2|id:635,0,2,3
635,000-A,30,20,8.622,2.722,0,2.456,3.938,0,0,11,0,31,0,195.8,1.006,2,1,1,row:21|pos:31|dim:2|id:636,0,2,3
636,000-A,31,20,8.689,2.409,0,2.671,3.723,0,0,11,0,32,0,232.0,0.686,1,1,1,row:21|pos:32|dim:2|id:637,0,2,3
637,000-A,32,20,8.755,2.096,0,2.889,3.505,0,0,11,0,33,0,269.6,0.366,0,1,1,row:21|pos:33|dim:2|id:638,0,2,3
638,000-A,0,21,9.162,2.346,0,2.694,3.700,0,0,11,0,34,0,245.0,0.467,0,1,1,row:22|pos:1|dim:2|id:639,0,2,3
639,000-A,1,21,9.096,2.659,0,2.492,3.903,0,0,11,0,35,0,209.3,0.787,1,1,1,row:22|pos:2|dim:2|id:640,0,2,3
640,000-A,2,21,9.029,2.972,0,2.275,4.119,0,0,11,0,36,0,173.2,1.107,2,1,1,row:22|pos:3|dim:2|id:641,0,2,3
641,000-A,3,21,8.963,3.285,0,2.091,4.304,0,0,11,0,37,0,141.2,1.427,3,1,1,row:22|pos:4|dim:2|id:642,0,2,3
642,000-A,4,21,8.896,3.598,0,1.926,4.469,0,0,11,0,38,0,112.3,1.747,4,1,1,row:22|pos:5|dim:2|id:643,0,2,3
643,000-A,5,21,8.830,3.911,0,1.784,4.610,0,0,11,0,39,0,86.7,2.067,5,1,1,row:22|pos:6|dim:2|id:644,0,2,3
644,000-A,6,21,8.763,4.224,0,1.683,4.712,0,0,11,0,40,0,66.2,2.387,6,1,1,row:22|pos:7|dim:2|id:645,0,2,3
645,000-A,7,21,8.697,4.537,0,1.616,4.778,0,0,11,0,41,0,50.2,2.707,7,1,1,row:22|pos:8|dim:2|id:646,0,2,3
646,000-A,8,21,8.630,4.850,0,1.619,4.776,0,0,11,0,42,0,42.1,3.027,8,1,1,row:22|pos:9|dim:2|id:647,0,2,3
647,000-A,9,21,8.564,5.163,0,1.776,4.619,0,0,11,0,43,0,50.4,3.347,9,1,1,row:22|pos:10|dim:2|id:648,0,2,3
648,000-A,10,21,8.497,5.476,0,2.085,4.309,0,0,11,0,44,0,75.1,3.667,10,1,1,row:22|pos:11|dim:2|id:649,0,2,3
649,000-A,11,21,8.431,5.789,0,2.597,3.797,0,0,11,0,45,0,121.0,3.987,11,1,1,row:22|pos:12|dim:2|id:650,0,2,3
650,000-A,12,21,8.364,6.102,0,3.212,3.182,0,0,11,0,46,0,178.2,4.307,12,1,1,row:22|pos:13|dim:2|id:651,0,2,3
651,000-A,13,21,8.297,6.415,0,3.677,2.717,0,0,11,0,47,0,221.5,4.627,13,1,1,row:22|pos:14|dim:2|id:652,0,2,3
652,000-A,14,21,8.231,6.728,0,3.921,2.473,0,0,11,0,48,0,243.6,4.947,14,1,1,row:22|pos:15|dim:2|id:653,0,2,3
653,000-A,15,21,8.164,7.041,0,4.028,2.367,0,0,11,0,49,0,253.1,5.267,15,1,1,row:22|pos:16|dim:2|id:654,0,2,3
654,000-A,16,21,8.098,7.354,0,3.938,2.457,0,0,11,0,50,0,243.8,5.390,16,1,1,row:22|pos:17|dim:2|id:655,0,2,3
655,000-A,17,21,8.031,7.667,0,3.833,2.562,0,0,11,0,51,0,234.2,5.070,17,1,1,row:22|pos:18|dim:2|id:656,0,2,3
656,000-A,18,21,7.965,7.980,0,3.620,2.774,0,0,11,0,52,0,214.8,4.750,18,1,1,row:22|pos:19|dim:2|id:657,0,2,3
657,000-A,19,21,7.898,8.293,0,3.361,3.033,0,0,11,0,53,0,191.8,4.430,19,1,1,row:22|pos:20|dim:2|id:658,0,2,3
658,000-A,20,21,7.832,8.606,0,3.145,3.250,0,0,11,0,54,0,174.0,4.110,20,1,1,row:22|pos:21|dim:2|id:659,0,2,3
659,000-A,21,21,7.765,8.919,0,3.007,3.388,0,0,11,0,55,0,165.1,3.790,21,1,1,row:22|pos:22|dim:2|id:660,0,2,3
660,000-A,22,21,7.699,9.232,0,3.014,3.381,0,0,11,0,56,0,171.7,3.470,22,1,1,row:22|pos:23|dim:2|id:661,0,2,3
661,000-A,23,21,7.632,9.545,0,3.011,3.384,0,0,11,0,57,0,178.3,3.150,23,1,1,row:22|pos:24|dim:2|id:662,0,2,3
662,000-A,24,21,7.566,9.858,0,2.953,3.442,0,0,11,0,58,0,180.5,2.830,24,1,1,row:22|pos:25|dim:2|id:663,0,2,3
663,000-A,25,21,7.499,10.171,0,2.888,3.506,0,0,11,0,59,0,183.1,2.510,25,1,1,row:22|pos:26|dim:2|id:664,0,2,3
664,000-A,26,21,7.433,10.484,0,2.839,3.556,0,0,11,0,60,0,188.1,2.190,26,1,1,row:22|pos:27|dim:2|id:665,0,2,3
665,000-A,27,21,7.366,10.797,0,2.828,3.566,0,0,11,0,61,0,198.1,1.870,27,1,1,row:22|pos:28|dim:2|id:666,0,2,3
666,000-A,28,21,7.300,11.110,0,2.823,3.571,0,0,11,0,62,0,209.6,1.550,28,1,1,row:22|pos:29|dim:2|id:667,0,2,3
667,000-A,29,21,7.233,11.424,0,2.805,3.589,0,0,11,0,63,0,220.8,1.230,29,1,1,row:22|pos:30|dim:2|id:668,0,2,3
668,000-A,30,21,7.167,11.736,0,2.927,3.467,0,0,11,0,64,0,247.1,0.910,30,1,1,row:22|pos:31|dim:2|id:669,0,2,3
669,000-A,31,21,7.100,12.050,0,3.158,3.236,0,0,11,0,65,0,285.4,0.590,31,1,1,row:22|pos:32|dim:2|id:670,0,2,3
670,000-A,0,22,7.507,12.300,0,3.138,3.257,0,0,12,0,1,0,252.3,0.477,31,1,1,row:23|pos:1|dim:2|id:671,0,2,4
671,000-A,1,22,7.573,11.986,0,2.848,3.546,0,0,12,0,2,0,211.3,0.797,30,1,1,row:23|pos:2|dim:2|id:672,0,2,4
672,000-A,2,22,7.640,11.674,0,2.806,3.588,0,0,12,0,3,0,196.0,1.117,29,1,1,row:23|pos:3|dim:2|id:673,0,2,4
673,000-A,3,22,7.706,11.361,0,2.829,3.566,0,0,12,0,4,0,188.0,1.437,28,1,1,row:23|pos:4|dim:2|id:674,0,2,4
674,000-A,4,22,7.773,11.047,0,2.885,3.509,0,0,12,0,5,0,184.3,1.757,27,1,1,row:23|pos:5|dim:2|id:675,0,2,4
675,000-A,5,22,7.840,10.735,0,2.968,3.427,0,0,12,0,6,0,184.0,2.077,26,1,1,row:23|pos:6|dim:2|id:676,0,2,4
676,000-A,6,22,7.906,10.421,0,3.151,3.243,0,0,12,0,7,0,194.8,2.397,25,1,1,row:23|pos:7|dim:2|id:677,0,2,4
677,000-A,7,22,7.973,10.108,0,3.283,3.111,0,0,12,0,8,0,201.2,2.717,24,1,1,row:23|pos:8|dim:2|id:678,0,2,4
678,000-A,8,22,8.039,9.796,0,3.361,3.034,0,0,12,0,9,0,203.1,3.037,23,1,1,row:23|pos:9|dim:2|id:679,0,2,4
679,000-A,9,22,8.106,9.482,0,3.384,3.011,0,0,12,0,10,0,200.4,3.357,22,1,1,row:23|pos:10|dim:2|id:680,0,2,4
680,000-A,10,22,8.172,9.169,0,3.354,3.040,0,0,12,0,11,0,193.3,3.677,21,1,1,row:23|pos:11|dim:2|id:681,0,2,4
681,000-A,11,22,8.239,8.857,0,3.268,3.126,0,0,12,0,12,0,181.4,3.997,20,1,1,row:23|pos:12|dim:2|id:682,0,2,4
682,000-A,12,22,8.305,8.543,0,3.284,3.110,0,0,12,0,13,0,180.6,4.317,19,1,1,row:23|pos:13|dim:2|id:683,0,2,4
683,000-A,13,22,8.372,8.230,0,3.412,2.982,0,0,12,0,14,0,191.9,4.637,18,1,1,row:23|pos:14|dim:2|id:684,0,2,4
684,000-A,14,22,8.438,7.917,0,3.608,2.787,0,0,12,0,15,0,210.9,4.957,17,1,1,row:23|pos:15|dim:2|id:685,0,2,4
685,000-A,15,22,8.505,7.604,0,3.768,2.626,0,0,12,0,16,0,227.1,5.277,16,1,1,row:23|pos:16|dim:2|id:686,0,2,4
686,000-A,16,22,8.571,7.291,0,3.844,2.550,0,0,12,0,17,0,235.8,5.367,15,1,1,row:23|pos:17|dim:2|id:687,0,2,4
687,000-A,17,22,8.638,6.978,0,3.811,2.583,0,0,12,0,18,0,234.5,5.047,14,1,1,row:23|pos:18|dim:2|id:688,0,2,4
688,000-A,18,22,8.704,6.665,0,3.690,2.705,0,0,12,0,19,0,225.2,4.727,13,1,1,row:23|pos:19|dim:2|id:689,0,2,4
689,000-A,19,22,8.771,6.352,0,3.462,2.932,0,0,12,0,20,0,206.2,4.407,12,1,1,row:23|pos:20|dim:2|id:690,0,2,4
690,000-A,20,22,8.838,6.039,0,3.053,3.341,0,0,12,0,21,0,169.9,4.087,11,1,1,row:23|pos:21|dim:2|id:691,0,2,4
691,000-A,21,22,8.904,5.726,0,2.492,3.903,0,0,12,0,22,0,119.2,3.767,10,1,1,row:23|pos:22|dim:2|id:692,0,2,4
692,000-A,22,22,8.970,5.413,0,2.096,4.299,0,0,12,0,23,0,85.9,3.447,9,1,1,row:23|pos:23|dim:2|id:693,0,2,4
693,000-A,23,22,9.037,5.100,0,1.867,4.527,0,0,12,0,24,0,70.3,3.127,8,1,1,row:23|pos:24|dim:2|id:694,0,2,4
694,000-A,24,22,9.104,4.787,0,1.778,4.617,0,0,12,0,25,0,69.4,2.807,7,1,1,row:23|pos:25|dim:2|id:695,0,2,4
695,000-A,25,22,9.170,4.474,0,1.778,4.617,0,0,12,0,26,0,78.4,2.487,6,1,1,row:23|pos:26|dim:2|id:696,0,2,4
696,000-A,26,22,9.237,4.161,0,1.815,4.580,0,0,12,0,27,0,92.0,2.167,5,1,1,row:23|pos:27|dim:2|id:697,0,2,4
697,000-A,27,22,9.303,3.848,0,1.897,4.497,0,0,12,0,28,0,110.9,1.847,4,1,1,row:23|pos:28|dim:2|id:698,0,2,4
698,000-A,28,22,9.370,3.535,0,2.019,4.375,0,0,12,0,29,0,134.7,1.527,3,1,1,row:23|pos:29|dim:2|id:699,0,2,4
699,000-A,29,22,9.436,3.222,0,2.156,4.239,0,0,12,0,30,0,160.8,1.207,2,1,1,row:23|pos:30|dim:2|id:700,0,2,4
700,000-A,30,22,9.503,2.909,0,2.298,4.097,0,0,12,0,31,0,188.3,0.887,1,1,1,row:23|pos:31|dim:2|id:701,0,2,4
701,000-A,31,22,9.569,2.596,0,2.460,3.934,0,0,12,0,32,0,218.8,0.567,0,1,1,row:23|pos:32|dim:2|id:702,0,2,4
702,000-A,0,23,10.043,2.533,0,2.378,4.017,0,0,12,0,33,0,219.6,0.344,0,1,1,row:24|pos:1|dim:2|id:703,0,2,4
703,000-A,1,23,9.976,2.846,0,2.273,4.122,0,0,12,0,34,0,193.3,0.664,1,1,1,row:24|pos:2|dim:2|id:704,0,2,4
704,000-A,2,23,9.910,3.159,0,2.153,4.242,0,0,12,0,35,0,166.4,0.984,2,1,1,row:24|pos:3|dim:2|id:705,0,2,4
705,000-A,3,23,9.843,3.472,0,2.047,4.348,0,0,12,0,36,0,142.1,1.304,3,1,1,row:24|pos:4|dim:2|id:706,0,2,4
706,000-A,4,23,9.777,3.785,0,1.950,4.444,0,0,12,0,37,0,119.5,1.624,4,1,1,row:24|pos:5|dim:2|id:707,0,2,4
707,000-A,5,23,9.710,4.098,0,1.887,4.507,0,0,12,0,38,0,101.4,1.944,5,1,1,row:24|pos:6|dim:2|id:708,0,2,4
708,000-A,6,23,9.644,4.411,0,1.872,4.523,0,0,12,0,39,0,89.1,2.264,6,1,1,row:24|pos:7|dim:2|id:709,0,2,4
709,000-A,7,23,9.577,4.724,0,1.890,4.504,0,0,12,0,40,0,81.2,2.584,7,1,1,row:24|pos:8|dim:2|id:710,0,2,4
710,000-A,8,23,9.511,5.037,0,1.948,4.447,0,0,12,0,41,0,78.2,2.904,8,1,1,row:24|pos:9|dim:2|id:711,0,2,4
711,000-A,9,23,9.444,5.350,0,2.039,4.355,0,0,12,0,42,0,79.7,3.224,9,1,1,row:24|pos:10|dim:2|id:712,0,2,4
712,000-A,10,23,9.377,5.663,0,2.222,4.173,0,0,12,0,43,0,91.2,3.544,10,1,1,row:24|pos:11|dim:2|id:713,0,2,4
713,000-A,11,23,9.311,5.976,0,2.621,3.773,0,0,12,0,44,0,125.4,3.864,11,1,1,row:24|pos:12|dim:2|id:714,0,2,4
714,000-A,12,23,9.244,6.290,0,2.999,3.395,0,0,12,0,45,0,158.5,4.184,12,1,1,row:24|pos:13|dim:2|id:715,0,2,4
715,000-A,13,23,9.178,6.603,0,3.277,3.118,0,0,12,0,46,0,182.7,4.504,13,1,1,row:24|pos:14|dim:2|id:716,0,2,4
716,000-A,14,23,9.111,6.915,0,3.433,2.961,0,0,12,0,47,0,195.6,4.824,14,1,1,row:24|pos:15|dim:2|id:717,0,2,4
717,000-A,15,23,9.045,7.229,0,3.522,2.873,0,0,12,0,48,0,202.8,5.144,15,1,1,row:24|pos:16|dim:2|id:718,0,2,4
718,000-A,16,23,8.978,7.542,0,3.495,2.899,0,0,12,0,49,0,199.6,5.464,16,1,1,row:24|pos:17|dim:2|id:719,0,2,4
719,000-A,17,23,8.912,7.854,0,3.402,2.992,0,0,12,0,50,0,190.7,5.219,17,1,1,row:24|pos:18|dim:2|id:720,0,2,4
720,000-A,18,23,8.845,8.168,0,3.275,3.119,0,0,12,0,51,0,179.4,4.899,18,1,1,row:24|pos:19|dim:2|id:721,0,2,4
721,000-A,19,23,8.779,8.480,0,3.202,3.193,0,0,12,0,52,0,174.4,4.579,19,1,1,row:24|pos:20|dim:2|id:722,0,2,4
722,000-A,20,23,8.712,8.793,0,3.266,3.128,0,0,12,0,53,0,184.3,4.259,20,1,1,row:24|pos:21|dim:2|id:723,0,2,4
723,000-A,21,23,8.646,9.107,0,3.445,2.949,0,0,12,0,54,0,206.7,3.939,21,1,1,row:24|pos:22|dim:2|id:724,0,2,4
724,000-A,22,23,8.579,9.419,0,3.538,2.856,0,0,12,0,55,0,221.4,3.619,22,1,1,row:24|pos:23|dim:2|id:725,0,2,4
725,000-A,23,23,8.512,9.732,0,3.560,2.834,0,0,12,0,56,0,230.1,3.299,23,1,1,row:24|pos:24|dim:2|id:726,0,2,4
726,000-A,24,23,8.446,10.046,0,3.525,2.869,0,0,12,0,57,0,234.1,2.979,24,1,1,row:24|pos:25|dim:2|id:727,0,2,4
727,000-A,25,23,8.379,10.358,0,3.432,2.963,0,0,12,0,58,0,233.3,2.659,25,1,1,row:24|pos:26|dim:2|id:728,0,2,4
728,000-A,26,23,8.313,10.672,0,3.198,3.197,0,0,12,0,59,0,219.4,2.339,26,1,1,row:24|pos:27|dim:2|id:729,0,2,4
729,000-A,27,23,8.246,10.985,0,2.999,3.396,0,0,12,0,60,0,210.1,2.019,27,1,1,row:24|pos:28|dim:2|id:730,0,2,4
730,000-A,28,23,8.180,11.298,0,2.882,3.513,0,0,12,0,61,0,209.9,1.699,28,1,1,row:24|pos:29|dim:2|id:731,0,2,4
731,000-A,29,23,8.113,11.611,0,2.817,3.577,0,0,12,0,62,0,216.0,1.379,29,1,1,row:24|pos:30|dim:2|id:732,0,2,4
732,000-A,30,23,8.047,11.924,0,2.766,3.629,0,0,12,0,63,0,224.4,1.059,30,1,1,row:24|pos:31|dim:2|id:733,0,2,4
733,000-A,31,23,7.980,12.237,0,2.895,3.499,0,0,12,0,64,0,252.0,0.739,31,1,1,row:24|pos:32|dim:2|id:734,0,2,4
734,000-A,32,23,7.914,12.550,0,3.248,3.147,0,0,12,0,65,0,302.9,0.419,32,1,1,row:24|pos:33|dim:2|id:735,0,2,4
735,000-A,0,24,8.321,12.800,0,3.313,3.081,0,0,13,0,1,0,311.8,0.372,32,1,1,row:25|pos:1|dim:2|id:736,0,2,5
736,000-A,1,24,8.387,12.487,0,2.883,3.512,0,0,13,0,2,0,253.1,0.692,31,1,1,row:25|pos:2|dim:2|id:737,0,2,5
737,000-A,2,24,8.454,12.174,0,2.767,3.628,0,0,13,0,3,0,226.8,1.012,30,1,1,row:25|pos:3|dim:2|id:738,0,2,5
738,000-A,3,24,8.520,11.861,0,2.795,3.599,0,0,13,0,4,0,216.0,1.332,29,1,1,row:25|pos:4|dim:2|id:739,0,2,5
739,000-A,4,24,8.587,11.548,0,2.815,3.580,0,0,13,0,5,0,205.2,1.652,28,1,1,row:25|pos:5|dim:2|id:740,0,2,5
740,000-A,5,24,8.653,11.235,0,2.890,3.505,0,0,13,0,6,0,201.1,1.972,27,1,1,row:25|pos:6|dim:2|id:741,0,2,5
741,000-A,6,24,8.720,10.922,0,3.086,3.308,0,0,13,0,7,0,210.0,2.292,26,1,1,row:25|pos:7|dim:2|id:742,0,2,5
742,000-A,7,24,8.786,10.609,0,3.317,3.078,0,0,13,0,8,0,223.4,2.612,25,1,1,row:25|pos:8|dim:2|id:743,0,2,5
743,000-A,8,24,8.853,10.296,0,3.506,2.889,0,0,13,0,9,0,233.7,2.932,24,1,1,row:25|pos:9|dim:2|id:744,0,2,5
744,000-A,9,24,8.919,9.983,0,3.583,2.812,0,0,13,0,10,0,233.8,3.252,23,1,1,row:25|pos:10|dim:2|id:745,0,2,5
745,000-A,10,24,8.986,9.670,0,3.587,2.807,0,0,13,0,11,0,227.5,3.572,22,1,1,row:25|pos:11|dim:2|id:746,0,2,5
746,000-A,11,24,9.053,9.357,0,3.520,2.874,0,0,13,0,12,0,215.2,3.892,21,1,1,row:25|pos:12|dim:2|id:747,0,2,5
747,000-A,12,24,9.119,9.044,0,3.310,3.084,0,0,13,0,13,0,189.5,4.212,20,1,1,row:25|pos:13|dim:2|id:748,0,2,5
748,000-A,13,24,9.185,8.731,0,3.058,3.336,0,0,13,0,14,0,160.7,4.532,19,1,1,row:25|pos:14|dim:2|id:749,0,2,5
749,000-A,14,24,9.252,8.418,0,2.856,3.539,0,0,13,0,15,0,137.9,4.852,18,1,1,row:25|pos:15|dim:2|id:750,0,2,5
750,000-A,15,24,9.319,8.105,0,2.948,3.446,0,0,13,0,16,0,145.5,5.172,17,1,1,row:25|pos:16|dim:2|id:751,0,2,5
751,000-A,16,24,9.385,7.792,0,3.035,3.359,0,0,13,0,17,0,153.6,5.492,16,1,1,row:25|pos:17|dim:2|id:752,0,2,5
752,000-A,17,24,9.452,7.479,0,3.085,3.310,0,0,13,0,18,0,158.9,5.240,15,1,1,row:25|pos:18|dim:2|id:753,0,2,5
753,000-A,18,24,9.518,7.165,0,3.064,3.331,0,0,13,0,19,0,158.2,4.920,14,1,1,row:25|pos:19|dim:2|id:754,0,2,5
754,000-A,19,24,9.585,6.853,0,2.971,3.424,0,0,13,0,20,0,151.3,4.600,13,1,1,row:25|pos:20|dim:2|id:755,0,2,5
755,000-A,20,24,9.651,6.540,0,2.792,3.603,0,0,13,0,21,0,136.9,4.280,12,1,1,row:25|pos:21|dim:2|id:756,0,2,5
756,000-A,21,24,9.718,6.226,0,2.540,3.855,0,0,13,0,22,0,116.0,3.960,11,1,1,row:25|pos:22|dim:2|id:757,0,2,5
757,000-A,22,24,9.784,5.913,0,2.278,4.117,0,0,13,0,23,0,95.3,3.640,10,1,1,row:25|pos:23|dim:2|id:758,0,2,5
758,000-A,23,24,9.851,5.601,0,2.126,4.269,0,0,13,0,24,0,86.5,3.320,9,1,1,row:25|pos:24|dim:2|id:759,0,2,5
759,000-A,24,24,9.917,5.287,0,2.052,4.343,0,0,13,0,25,0,86.6,3.000,8,1,1,row:25|pos:25|dim:2|id:760,0,2,5
760,000-A,25,24,9.984,4.974,0,1.988,4.406,0,0,13,0,26,0,88.6,2.680,7,1,1,row:25|pos:26|dim:2|id:761,0,2,5
761,000-A,26,24,10.050,4.662,0,1.943,4.452,0,0,13,0,27,0,93.5,2.360,6,1,1,row:25|pos:27|dim:2|id:762,0,2,5
762,000-A,27,24,10.117,4.348,0,1.918,4.476,0,0,13,0,28,0,101.6,2.040,5,1,1,row:25|pos:28|dim:2|id:763,0,2,5
763,000-A,28,24,10.184,4.035,0,1.924,4.471,0,0,13,0,29,0,113.6,1.720,4,1,1,row:25|pos:29|dim:2|id:764,0,2,5
764,000-A,29,24,10.250,3.722,0,1.957,4.437,0,0,13,0,30,0,129.4,1.400,3,1,1,row:25|pos:30|dim:2|id:765,0,2,5
765,000-A,30,24,10.317,3.409,0,2.049,4.346,0,0,13,0,31,0,152.0,1.080,2,1,1,row:25|pos:31|dim:2|id:766,0,2,5
766,000-A,31,24,10.383,3.096,0,2.143,4.251,0,0,13,0,32,0,175.9,0.760,1,1,1,row:25|pos:32|dim:2|id:767,0,2,5
767,000-A,32,24,10.450,2.783,0,2.252,4.143,0,0,13,0,33,0,202.2,0.440,0,1,1,row:25|pos:33|dim:2|id:768,0,2,5
768,000-A,0,25,10.857,3.034,0,2.186,4.208,0,0,13,0,34,0,191.2,0.535,0,1,1,row:26|pos:1|dim:2|id:769,0,2,5
769,000-A,1,25,10.790,3.346,0,2.081,4.314,0,0,13,0,35,0,165.5,0.855,1,1,1,row:26|pos:2|dim:2|id:770,0,2,5
770,000-A,2,25,10.723,3.659,0,1.990,4.404,0,0,13,0,36,0,142.3,1.175,2,1,1,row:26|pos:3|dim:2|id:771,0,2,5
771,000-A,3,25,10.657,3.973,0,1.940,4.455,0,0,13,0,37,0,124.1,1.495,3,1,1,row:26|pos:4|dim:2|id:772,0,2,5
772,000-A,4,25,10.590,4.285,0,1.925,4.470,0,0,13,0,38,0,110.5,1.815,4,1,1,row:26|pos:5|dim:2|id:773,0,2,5
773,000-A,5,25,10.524,4.598,0,1.939,4.455,0,0,13,0,39,0,100.8,2.135,5,1,1,row:26|pos:6|dim:2|id:774,0,2,5
774,000-A,6,25,10.457,4.912,0,1.976,4.418,0,0,13,0,40,0,94.3,2.455,6,1,1,row:26|pos:7|dim:2|id:775,0,2,5
775,000-A,7,25,10.391,5.224,0,2.038,4.357,0,0,13,0,41,0,91.3,2.775,7,1,1,row:26|pos:8|dim:2|id:776,0,2,5
776,000-A,8,25,10.324,5.537,0,2.099,4.295,0,0,13,0,42,0,89.3,3.095,8,1,1,row:26|pos:9|dim:2|id:777,0,2,5
777,000-A,9,25,10.258,5.851,0,2.185,4.209,0,0,13,0,43,0,90.8,3.415,9,1,1,row:26|pos:10|dim:2|id:778,0,2,5
778,000-A,10,25,10.191,6.164,0,2.307,4.088,0,0,13,0,44,0,96.7,3.735,10,1,1,row:26|pos:11|dim:2|id:779,0,2,5
779,000-A,11,25,10.125,6.477,0,2.477,3.917,0,0,13,0,45,0,108.6,4.055,11,1,1,row:26|pos:12|dim:2|id:780,0,2,5
780,000-A,12,25,10.058,6.790,0,2.588,3.807,0,0,13,0,46,0,115.5,4.375,12,1,1,row:26|pos:13|dim:2|id:781,0,2,5
781,000-A,13,25,9.992,7.103,0,2.625,3.769,0,0,13,0,47,0,116.1,4.695,13,1,1,row:26|pos:14|dim:2|id:782,0,2,5
782,000-A,14,25,9.925,7.416,0,2.613,3.781,0,0,13,0,48,0,112.8,5.015,14,1,1,row:26|pos:15|dim:2|id:783,0,2,5
783,000-A,15,25,9.859,7.729,0,2.550,3.845,0,0,13,0,49,0,105.3,5.335,15,1,1,row:26|pos:16|dim:2|id:784,0,2,5
784,000-A,16,25,9.792,8.042,0,2.454,3.941,0,0,13,0,50,0,95.5,5.446,16,1,1,row:26|pos:17|dim:2|id:785,0,2,5
785,000-A,17,25,9.726,8.355,0,2.358,4.036,0,0,13,0,51,0,86.7,5.126,17,1,1,row:26|pos:18|dim:2|id:786,0,2,5
786,000-A,18,25,9.659,8.668,0,2.478,3.917,0,0,13,0,52,0,100.5,4.806,18,1,1,row:26|pos:19|dim:2|id:787,0,2,5
787,000-A,19,25,9.592,8.981,0,2.801,3.594,0,0,13,0,53,0,135.6,4.486,19,1,1,row:26|pos:20|dim:2|id:788,0,2,5
788,000-A,20,25,9.526,9.294,0,3.215,3.179,0,0,13,0,54,0,180.9,4.166,20,1,1,row:26|pos:21|dim:2|id:789,0,2,5
789,000-A,21,25,9.459,9.607,0,3.448,2.947,0,0,13,0,55,0,209.0,3.846,21,1,1,row:26|pos:22|dim:2|id:790,0,2,5
790,000-A,22,25,9.393,9.920,0,3.494,2.901,0,0,13,0,56,0,219.3,3.526,22,1,1,row:26|pos:23|dim:2|id:791,0,2,5
791,000-A,23,25,9.326,10.233,0,3.447,2.948,0,0,13,0,57,0,221.5,3.206,23,1,1,row:26|pos:24|dim:2|id:792,0,2,5
792,000-A,24,25,9.260,10.546,0,3.306,3.089,0,0,13,0,58,0,215.2,2.886,24,1,1,row:26|pos:25|dim:2|id:793,0,2,5
793,000-A,25,25,9.193,10.859,0,3.087,3.307,0,0,13,0,59,0,202.2,2.566,25,1,1,row:26|pos:26|dim:2|id:794,0,2,5
794,000-A,26,25,9.127,11.172,0,2.835,3.559,0,0,13,0,60,0,186.7,2.246,26,1,1,row:26|pos:27|dim:2|id:795,0,2,5
795,000-A,27,25,9.060,11.485,0,2.728,3.666,0,0,13,0,61,0,186.8,1.926,27,1,1,row:26|pos:28|dim:2|id:796,0,2,5
796,000-A,28,25,8.994,11.798,0,2.728,3.667,0,0,13,0,62,0,198.6,1.606,28,1,1,row:26|pos:29|dim:2|id:797,0,2,5
797,000-A,29,25,8.927,12.111,0,2.726,3.669,0,0,13,0,63,0,211.2,1.286,29,1,1,row:26|pos:30|dim:2|id:798,0,2,5
798,000-A,30,25,8.861,12.424,0,2.738,3.656,0,0,13,0,64,0,226.2,0.966,30,1,1,row:26|pos:31|dim:2|id:799,0,2,5
799,000-A,31,25,8.794,12.737,0,2.949,3.446,0,0,13,0,65,0,262.0,0.646,31,1,1,row:26|pos:32|dim:2|id:800,0,2,5
800,000-A,32,25,8.727,13.050,0,3.439,2.955,0,0,13,0,66,0,326.8,0.326,32,1,1,row:26|pos:33|dim:2|id:801,0,2,5
801,000-A,0,26,9.201,12.987,0,3.034,3.361,0,0,14,0,1,0,272.8,0.600,31,1,1,row:27|pos:1|dim:2|id:802,0,2,6
802,000-A,1,26,9.268,12.674,0,2.708,3.686,0,0,14,0,2,0,225.4,0.920,30,1,1,row:27|pos:2|dim:2|id:803,0,2,6
803,000-A,2,26,9.334,12.361,0,2.661,3.733,0,0,14,0,3,0,206.8,1.240,29,1,1,row:27|pos:3|dim:2|id:804,0,2,6
804,000-A,3,26,9.401,12.048,0,2.604,3.791,0,0,14,0,4,0,188.2,1.560,28,1,1,row:27|pos:4|dim:2|id:805,0,2,6
805,000-A,4,26,9.467,11.735,0,2.539,3.856,0,0,14,0,5,0,169.8,1.880,27,1,1,row:27|pos:5|dim:2|id:806,0,2,6
806,000-A,5,26,9.534,11.422,0,2.551,3.843,0,0,14,0,6,0,160.1,2.200,26,1,1,row:27|pos:6|dim:2|id:807,0,2,6
807,000-A,6,26,9.600,11.109,0,2.692,3.703,0,0,14,0,7,0,164.2,2.520,25,1,1,row:27|pos:7|dim:2|id:808,0,2,6
808,000-A,7,26,9.667,10.796,0,2.939,3.456,0,0,14,0,8,0,180.0,2.840,24,1,1,row:27|pos:8|dim:2|id:809,0,2,6
809,000-A,8,26,9.733,10.483,0,3.104,3.290,0,0,14,0,9,0,188.6,3.160,23,1,1,row:27|pos:9|dim:2|id:810,0,2,6
810,000-A,9,26,9.800,10.170,0,3.179,3.216,0,0,14,0,10,0,189.1,3.480,22,1,1,row:27|pos:10|dim:2|id:811,0,2,6
811,000-A,10,26,9.866,9.857,0,3.122,3.273,0,0,14,0,11,0,177.4,3.800,21,1,1,row:27|pos:11|dim:2|id:812,0,2,6
812,000-A,11,26,9.933,9.544,0,2.975,3.420,0,0,14,0,12,0,157.7,4.120,20,1,1,row:27|pos:12|dim:2|id:813,0,2,6
813,000-A,12,26,9.999,9.231,0,2.560,3.835,0,0,14,0,13,0,112.2,4.440,19,1,1,row:27|pos:13|dim:2|id:814,0,2,6
814,000-A,13,26,10.066,8.918,0,2.279,4.116,0,0,14,0,14,0,81.1,4.760,18,1,1,row:27|pos:14|dim:2|id:815,0,2,6
815,000-A,14,26,10.132,8.605,0,2.094,4.300,0,0,14,0,15,0,60.7,5.080,17,1,1,row:27|pos:15|dim:2|id:816,0,2,6
816,000-A,15,26,10.199,8.292,0,2.114,4.281,0,0,14,0,16,0,61.6,5.400,16,1,1,row:27|pos:16|dim:2|id:817,0,2,6
817,000-A,16,26,10.265,7.979,0,2.197,4.198,0,0,14,0,17,0,69.8,5.427,15,1,1,row:27|pos:17|dim:2|id:818,0,2,6
818,000-A,17,26,10.332,7.666,0,2.323,4.071,0,0,14,0,18,0,83.4,5.107,14,1,1,row:27|pos:18|dim:2|id:819,0,2,6
819,000-A,18,26,10.399,7.353,0,2.442,3.952,0,0,14,0,19,0,97.2,4.787,13,1,1,row:27|pos:19|dim:2|id:820,0,2,6
820,000-A,19,26,10.465,7.040,0,2.479,3.916,0,0,14,0,20,0,103.8,4.467,12,1,1,row:27|pos:20|dim:2|id:821,0,2,6
821,000-A,20,26,10.532,6.727,0,2.442,3.952,0,0,14,0,21,0,104.1,4.147,11,1,1,row:27|pos:21|dim:2|id:822,0,2,6
822,000-A,21,26,10.598,6.414,0,2.325,4.070,0,0,14,0,22,0,97.2,3.827,10,1,1,row:27|pos:22|dim:2|id:823,0,2,6
823,000-A,22,26,10.665,6.101,0,2.163,4.231,0,0,14,0,23,0,87.0,3.507,9,1,1,row:27|pos:23|dim:2|id:824,0,2,6
824,000-A,23,26,10.731,5.788,0,2.054,4.341,0,0,14,0,24,0,82.9,3.187,8,1,1,row:27|pos:24|dim:2|id:825,0,2,6
825,000-A,24,26,10.798,5.475,0,1.977,4.417,0,0,14,0,25,0,83.1,2.867,7,1,1,row:27|pos:25|dim:2|id:826,0,2,6
826,000-A,25,26,10.864,5.162,0,1.907,4.488,0,0,14,0,26,0,84.9,2.547,6,1,1,row:27|pos:26|dim:2|id:827,0,2,6
827,000-A,26,26,10.931,4.849,0,1.851,4.543,0,0,14,0,27,0,89.2,2.227,5,1,1,row:27|pos:27|dim:2|id:828,0,2,6
828,000-A,27,26,10.997,4.536,0,1.807,4.588,0,0,14,0,28,0,95.6,1.907,4,1,1,row:27|pos:28|dim:2|id:829,0,2,6
829,000-A,28,26,11.064,4.223,0,1.795,4.600,0,0,14,0,29,0,106.2,1.587,3,1,1,row:27|pos:29|dim:2|id:830,0,2,6
830,000-A,29,26,11.130,3.910,0,1.838,4.556,0,0,14,0,30,0,123.4,1.267,2,1,1,row:27|pos:30|dim:2|id:831,0,2,6
831,000-A,30,26,11.197,3.597,0,1.927,4.468,0,0,14,0,31,0,146.1,0.947,1,1,1,row:27|pos:31|dim:2|id:832,0,2,6
832,000-A,31,26,11.263,3.284,0,2.048,4.347,0,0,14,0,32,0,173.0,0.627,0,1,1,row:27|pos:32|dim:2|id:833,0,2,6
833,000-A,0,27,11.737,3.221,0,2.033,4.362,0,0,14,0,33,0,181.7,0.419,0,1,1,row:28|pos:1|dim:2|id:834,0,2,6
834,000-A,1,27,11.670,3.534,0,1.862,4.533,0,0,14,0,34,0,149.2,0.739,1,1,1,row:28|pos:2|dim:2|id:835,0,2,6
835,000-A,2,27,11.604,3.847,0,1.718,4.676,0,0,14,0,35,0,120.5,1.059,2,1,1,row:28|pos:3|dim:2|id:836,0,2,6
836,000-A,3,27,11.537,4.160,0,1.602,4.792,0,0,14,0,36,0,95.5,1.379,3,1,1,row:28|pos:4|dim:2|id:837,0,2,6
837,000-A,4,27,11.471,4.473,0,1.568,4.826,0,0,14,0,37,0,79.7,1.699,4,1,1,row:28|pos:5|dim:2|id:838,0,2,6
838,000-A,5,27,11.404,4.786,0,1.583,4.811,0,0,14,0,38,0,69.8,2.019,5,1,1,row:28|pos:6|dim:2|id:839,0,2,6
839,000-A,6,27,11.338,5.099,0,1.637,4.758,0,0,14,0,39,0,64.7,2.339,6,1,1,row:28|pos:7|dim:2|id:840,0,2,6
840,000-A,7,27,11.271,5.412,0,1.708,4.687,0,0,14,0,40,0,62.3,2.659,7,1,1,row:28|pos:8|dim:2|id:841,0,2,6
841,000-A,8,27,11.205,5.725,0,1.790,4.605,0,0,14,0,41,0,61.9,2.979,8,1,1,row:28|pos:9|dim:2|id:842,0,2,6
842,000-A,9,27,11.138,6.038,0,1.882,4.512,0,0,14,0,42,0,63.7,3.299,9,1,1,row:28|pos:10|dim:2|id:843,0,2,6
843,000-A,10,27,11.072,6.351,0,2.010,4.385,0,0,14,0,43,0,69.8,3.619,10,1,1,row:28|pos:11|dim:2|id:844,0,2,6
844,000-A,11,27,11.005,6.664,0,2.168,4.226,0,0,14,0,44,0,80.1,3.939,11,1,1,row:28|pos:12|dim:2|id:845,0,2,6
845,000-A,12,27,10.938,6.977,0,2.297,4.098,0,0,14,0,45,0,88.4,4.259,12,1,1,row:28|pos:13|dim:2|id:846,0,2,6
846,000-A,13,27,10.872,7.290,0,2.321,4.073,0,0,14,0,46,0,87.2,4.579,13,1,1,row:28|pos:14|dim:2|id:847,0,2,6
847,000-A,14,27,10.805,7.603,0,2.199,4.196,0,0,14,0,47,0,72.3,4.899,14,1,1,row:28|pos:15|dim:2|id:848,0,2,6
848,000-A,15,27,10.739,7.916,0,2.004,4.391,0,0,14,0,48,0,51.1,5.219,15,1,1,row:28|pos:16|dim:2|id:849,0,2,6
849,000-A,16,27,10.672,8.229,0,1.878,4.516,0,0,14,0,49,0,37.9,5.539,16,1,1,row:28|pos:17|dim:2|id:850,0,2,6
850,000-A,17,27,10.606,8.542,0,1.824,4.571,0,0,14,0,50,0,32.7,5.355,17,1,1,row:28|pos:18|dim:2|id:851,0,2,6
851,000-A,18,27,10.539,8.855,0,1.899,4.496,0,0,14,0,51,0,41.5,5.035,18,1,1,row:28|pos:19|dim:2|id:852,0,2,6
852,000-A,19,27,10.473,9.168,0,2.041,4.354,0,0,14,0,52,0,57.9,4.715,19,1,1,row:28|pos:20|dim:2|id:853,0,2,6
853,000-A,20,27,10.406,9.481,0,2.332,4.063,0,0,14,0,53,0,90.2,4.395,20,1,1,row:28|pos:21|dim:2|id:854,0,2,6
854,000-A,21,27,10.340,9.794,0,2.570,3.825,0,0,14,0,54,0,118.2,4.075,21,1,1,row:28|pos:22|dim:2|id:855,0,2,6
855,000-A,22,27,10.273,10.107,0,2.715,3.680,0,0,14,0,55,0,137.8,3.755,22,1,1,row:28|pos:23|dim:2|id:856,0,2,6
856,000-A,23,27,10.207,10.420,0,2.715,3.679,0,0,14,0,56,0,144.1,3.435,23,1,1,row:28|pos:24|dim:2|id:857,0,2,6
857,000-A,24,27,10.140,10.733,0,2.599,3.795,0,0,14,0,57,0,139.6,3.115,24,1,1,row:28|pos:25|dim:2|id:858,0,2,6
858,000-A,25,27,10.074,11.046,0,2.398,3.997,0,0,14,0,58,0,127.6,2.795,25,1,1,row:28|pos:26|dim:2|id:859,0,2,6
859,000-A,26,27,10.007,11.359,0,2.248,4.146,0,0,14,0,59,0,121.6,2.475,26,1,1,row:28|pos:27|dim:2|id:860,0,2,6
860,000-A,27,27,9.941,11.672,0,2.204,4.190,0,0,14,0,60,0,127.3,2.155,27,1,1,row:28|pos:28|dim:2|id:861,0,2,6
861,000-A,28,27,9.874,11.985,0,2.283,4.111,0,0,14,0,61,0,146.2,1.835,28,1,1,row:28|pos:29|dim:2|id:862,0,2,6
862,000-A,29,27,9.807,12.298,0,2.452,3.943,0,0,14,0,62,0,175.1,1.515,29,1,1,row:28|pos:30|dim:2|id:863,0,2,6
863,000-A,30,27,9.741,12.611,0,2.587,3.808,0,0,14,0,63,0,201.6,1.195,30,1,1,row:28|pos:31|dim:2|id:864,0,2,6
864,000-A,31,27,9.674,12.924,0,2.752,3.643,0,0,14,0,64,0,232.0,0.875,31,1,1,row:28|pos:32|dim:2|id:865,0,2,6
865,000-A,32,27,9.608,13.237,0,3.111,3.283,0,0,14,0,65,0,282.9,0.555,32,1,1,row:28|pos:33|dim:2|id:866,0,2,6