Num,index,lineID,Bulb-on-steel,label,Bulb to steel,Bulb Cable length (M),Wall to 1st or last bulb,To bulb 0 in M on steel,Steel length walltowall
0,,,,"row 0, pos —, id — (before first hang)",,,0.489,,
1,0,0,0,"row 0, pos 0, id 0",2.471,2.971,,0.000,11.3021
2,1,0,1,"row 0, pos 1, id 1",1.866,2.366,,0.357,11.3021
3,2,0,2,"row 0, pos 2, id 2",1.327,1.827,,0.710,11.3021
4,3,0,3,"row 0, pos 3, id 3",1.006,1.506,,1.058,11.3021
5,4,0,4,"row 0, pos 4, id 4",0.905,1.405,,1.403,11.3021
6,5,0,5,"row 0, pos 5, id 5",0.956,1.456,,1.743,11.3021
7,6,0,6,"row 0, pos 6, id 6",1.158,1.658,,2.080,11.3021
8,7,0,7,"row 0, pos 7, id 7",1.536,2.036,,2.414,11.3021
9,8,0,8,"row 0, pos 8, id 8",1.879,2.379,,2.745,11.3021
10,9,0,9,"row 0, pos 9, id 9",2.083,2.583,,3.073,11.3021
11,10,0,10,"row 0, pos 10, id 10",2.010,2.510,,3.399,11.3021
12,11,0,11,"row 0, pos 11, id 11",1.790,2.290,,3.724,11.3021
13,12,0,12,"row 0, pos 12, id 12",1.497,1.997,,4.047,11.3021
14,13,0,13,"row 0, pos 13, id 13",1.273,1.773,,4.368,11.3021
15,14,0,14,"row 0, pos 14, id 14",1.117,1.617,,4.689,11.3021
16,15,0,15,"row 0, pos 15, id 15",0.966,1.466,,5.009,11.3021
17,16,0,16,"row 0, pos 16, id 16",0.798,1.298,,5.329,11.3021
18,17,0,17,"row 0, pos 17, id 17",0.620,1.120,,5.649,11.3021
19,18,0,18,"row 0, pos 18, id 18",0.455,0.955,,5.970,11.3021
20,19,0,19,"row 0, pos 19, id 19",0.334,0.834,,6.291,11.3021
21,20,0,20,"row 0, pos 20, id 20",0.299,0.799,,6.614,11.3021
22,21,0,21,"row 0, pos 21, id 21",0.342,0.842,,6.939,11.3021
23,22,0,22,"row 0, pos 22, id 22",0.461,0.961,,7.265,11.3021
24,23,0,23,"row 0, pos 23, id 23",0.625,1.125,,7.593,11.3021
25,24,0,24,"row 0, pos 24, id 24",0.846,1.346,,7.925,11.3021
26,25,0,25,"row 0, pos 25, id 25",1.122,1.622,,8.259,11.3021
27,26,0,26,"row 0, pos 26, id 26",1.449,1.949,,8.596,11.3021
28,27,0,27,"row 0, pos 27, id 27",1.809,2.309,,8.936,11.3021
29,28,0,28,"row 0, pos 28, id 28",2.183,2.683,,9.281,11.3021
30,29,0,29,"row 0, pos 29, id 29",2.553,3.053,,9.629,11.3021
31,30,0,30,"row 0, pos 30, id 30",2.913,3.413,,9.982,11.3021
32,31,0,31,"row 0, pos 31, id 31",3.256,3.756,,10.340,11.3021
33,,,,"row 0, pos —, id — (after last hang)",,,0.473,,
34,,,,"row 1, pos —, id — (before first hang)",,,0.386,,
35,32,1,0,"row 1, pos 0, id 32",2.663,3.163,,0.000,11.3429
36,33,1,1,"row 1, pos 1, id 33",2.156,2.656,,0.358,11.3429
37,34,1,2,"row 1, pos 2, id 34",1.700,2.200,,0.712,11.3429
38,35,1,3,"row 1, pos 3, id 35",1.324,1.824,,1.061,11.3429
39,36,1,4,"row 1, pos 4, id 36",1.200,1.700,,1.407,11.3429
40,37,1,5,"row 1, pos 5, id 37",1.314,1.814,,1.748,11.3429
41,38,1,6,"row 1, pos 6, id 38",1.485,1.985,,2.086,11.3429
42,39,1,7,"row 1, pos 7, id 39",1.751,2.251,,2.421,11.3429
43,40,1,8,"row 1, pos 8, id 40",2.071,2.571,,2.752,11.3429
44,41,1,9,"row 1, pos 9, id 41",2.257,2.757,,3.082,11.3429
45,42,1,10,"row 1, pos 10, id 42",2.194,2.694,,3.408,11.3429
46,43,1,11,"row 1, pos 11, id 43",2.007,2.507,,3.733,11.3429
47,44,1,12,"row 1, pos 12, id 44",1.728,2.228,,4.056,11.3429
48,45,1,13,"row 1, pos 13, id 45",1.447,1.947,,4.378,11.3429
49,46,1,14,"row 1, pos 14, id 46",1.254,1.754,,4.699,11.3429
50,47,1,15,"row 1, pos 15, id 47",1.083,1.583,,5.020,11.3429
51,48,1,16,"row 1, pos 16, id 48",0.914,1.414,,5.340,11.3429
52,49,1,17,"row 1, pos 17, id 49",0.740,1.240,,5.660,11.3429
53,50,1,18,"row 1, pos 18, id 50",0.562,1.062,,5.980,11.3429
54,51,1,19,"row 1, pos 19, id 51",0.396,0.896,,6.301,11.3429
55,52,1,20,"row 1, pos 20, id 52",0.287,0.787,,6.624,11.3429
56,53,1,21,"row 1, pos 21, id 53",0.293,0.793,,6.947,11.3429
57,54,1,22,"row 1, pos 22, id 54",0.374,0.874,,7.273,11.3429
58,55,1,23,"row 1, pos 23, id 55",0.506,1.006,,7.601,11.3429
59,56,1,24,"row 1, pos 24, id 56",0.664,1.164,,7.931,11.3429
60,57,1,25,"row 1, pos 25, id 57",0.901,1.401,,8.263,11.3429
61,58,1,26,"row 1, pos 26, id 58",1.204,1.704,,8.599,11.3429
62,59,1,27,"row 1, pos 27, id 59",1.549,2.049,,8.938,11.3429
63,60,1,28,"row 1, pos 28, id 60",1.929,2.429,,9.281,11.3429
64,61,1,29,"row 1, pos 29, id 61",2.325,2.825,,9.627,11.3429
65,62,1,30,"row 1, pos 30, id 62",2.681,3.181,,9.978,11.3429
66,63,1,31,"row 1, pos 31, id 63",3.086,3.586,,10.334,11.3429
67,,,,"row 1, pos —, id — (after last hang)",,,0.623,,
68,,,,"row 2, pos —, id — (before first hang)",,,0.641,,
69,64,2,0,"row 2, pos 0, id 64",2.345,2.845,,0.000,11.3859
70,65,2,1,"row 2, pos 1, id 65",1.954,2.454,,0.355,11.3859
71,66,2,2,"row 2, pos 2, id 66",1.595,2.095,,0.705,11.3859
72,67,2,3,"row 2, pos 3, id 67",1.468,1.968,,1.051,11.3859
73,68,2,4,"row 2, pos 4, id 68",1.518,2.018,,1.394,11.3859
74,69,2,5,"row 2, pos 5, id 69",1.707,2.207,,1.733,11.3859
75,70,2,6,"row 2, pos 6, id 70",1.968,2.468,,2.068,11.3859
76,71,2,7,"row 2, pos 7, id 71",2.233,2.733,,2.401,11.3859
77,72,2,8,"row 2, pos 8, id 72",2.350,2.850,,2.731,11.3859
78,73,2,9,"row 2, pos 9, id 73",2.313,2.813,,3.058,11.3859
79,74,2,10,"row 2, pos 10, id 74",2.166,2.666,,3.384,11.3859
80,75,2,11,"row 2, pos 11, id 75",1.926,2.426,,3.707,11.3859
81,76,2,12,"row 2, pos 12, id 76",1.622,2.122,,4.030,11.3859
82,77,2,13,"row 2, pos 13, id 77",1.389,1.889,,4.351,11.3859
83,78,2,14,"row 2, pos 14, id 78",1.194,1.694,,4.671,11.3859
84,79,2,15,"row 2, pos 15, id 79",1.025,1.525,,4.991,11.3859
85,80,2,16,"row 2, pos 16, id 80",0.867,1.367,,5.311,11.3859
86,81,2,17,"row 2, pos 17, id 81",0.703,1.203,,5.632,11.3859
87,82,2,18,"row 2, pos 18, id 82",0.535,1.035,,5.953,11.3859
88,83,2,19,"row 2, pos 19, id 83",0.353,0.853,,6.274,11.3859
89,84,2,20,"row 2, pos 20, id 84",0.246,0.746,,6.598,11.3859
90,85,2,21,"row 2, pos 21, id 85",0.259,0.759,,6.922,11.3859
91,86,2,22,"row 2, pos 22, id 86",0.335,0.835,,7.249,11.3859
92,87,2,23,"row 2, pos 23, id 87",0.416,0.916,,7.578,11.3859
93,88,2,24,"row 2, pos 24, id 88",0.587,1.087,,7.910,11.3859
94,89,2,25,"row 2, pos 25, id 89",0.847,1.347,,8.244,11.3859
95,90,2,26,"row 2, pos 26, id 90",1.148,1.648,,8.582,11.3859
96,91,2,27,"row 2, pos 27, id 91",1.485,1.985,,8.923,11.3859
97,92,2,28,"row 2, pos 28, id 92",1.829,2.329,,9.267,11.3859
98,93,2,29,"row 2, pos 29, id 93",2.236,2.736,,9.616,11.3859
99,94,2,30,"row 2, pos 30, id 94",2.670,3.170,,9.969,11.3859
100,95,2,31,"row 2, pos 31, id 95",3.042,3.542,,10.327,11.3859
101,,,,"row 2, pos —, id — (after last hang)",,,0.417,,
102,,,,"row 3, pos —, id — (before first hang)",,,0.553,,
103,96,3,0,"row 3, pos 0, id 96",2.226,2.726,,0.000,11.3959
104,97,3,1,"row 3, pos 1, id 97",1.915,2.415,,0.350,11.3959
105,98,3,2,"row 3, pos 2, id 98",1.612,2.112,,0.695,11.3959
106,99,3,3,"row 3, pos 3, id 99",1.531,2.031,,1.037,11.3959
107,100,3,4,"row 3, pos 4, id 100",1.607,2.107,,1.376,11.3959
108,101,3,5,"row 3, pos 5, id 101",1.764,2.264,,1.712,11.3959
109,102,3,6,"row 3, pos 6, id 102",1.992,2.492,,2.045,11.3959
110,103,3,7,"row 3, pos 7, id 103",2.229,2.729,,2.376,11.3959
111,104,3,8,"row 3, pos 8, id 104",2.320,2.820,,2.704,11.3959
112,105,3,9,"row 3, pos 9, id 105",2.311,2.811,,3.030,11.3959
113,106,3,10,"row 3, pos 10, id 106",2.200,2.700,,3.354,11.3959
114,107,3,11,"row 3, pos 11, id 107",2.003,2.503,,3.677,11.3959
115,108,3,12,"row 3, pos 12, id 108",1.742,2.242,,3.999,11.3959
116,109,3,13,"row 3, pos 13, id 109",1.493,1.993,,4.320,11.3959
117,110,3,14,"row 3, pos 14, id 110",1.276,1.776,,4.640,11.3959
118,111,3,15,"row 3, pos 15, id 111",1.101,1.601,,4.960,11.3959
119,112,3,16,"row 3, pos 16, id 112",0.954,1.454,,5.280,11.3959
120,113,3,17,"row 3, pos 17, id 113",0.826,1.326,,5.601,11.3959
121,114,3,18,"row 3, pos 18, id 114",0.710,1.210,,5.922,11.3959
122,115,3,19,"row 3, pos 19, id 115",0.590,1.090,,6.243,11.3959
123,116,3,20,"row 3, pos 20, id 116",0.445,0.945,,6.566,11.3959
124,117,3,21,"row 3, pos 21, id 117",0.353,0.853,,6.891,11.3959
125,118,3,22,"row 3, pos 22, id 118",0.368,0.868,,7.217,11.3959
126,119,3,23,"row 3, pos 23, id 119",0.479,0.979,,7.545,11.3959
127,120,3,24,"row 3, pos 24, id 120",0.580,1.080,,7.876,11.3959
128,121,3,25,"row 3, pos 25, id 121",0.755,1.255,,8.209,11.3959
129,122,3,26,"row 3, pos 26, id 122",0.975,1.475,,8.544,11.3959
130,123,3,27,"row 3, pos 27, id 123",1.211,1.711,,8.883,11.3959
131,124,3,28,"row 3, pos 28, id 124",1.452,1.952,,9.226,11.3959
132,125,3,29,"row 3, pos 29, id 125",1.737,2.237,,9.572,11.3959
133,126,3,30,"row 3, pos 30, id 126",2.074,2.574,,9.921,11.3959
134,127,3,31,"row 3, pos 31, id 127",2.481,2.981,,10.275,11.3959
135,,,,"row 3, pos —, id — (after last hang)",,,0.568,,
136,,,,"row 4, pos —, id — (before first hang)",,,0.521,,
137,128,4,0,"row 4, pos 0, id 128",1.904,2.404,,0.000,10.2239
138,129,4,1,"row 4, pos 1, id 129",2.093,2.593,,0.350,10.2239
139,130,4,2,"row 4, pos 2, id 130",2.346,2.846,,0.695,10.2239
140,131,4,3,"row 4, pos 3, id 131",2.515,3.015,,1.036,10.2239
141,132,4,4,"row 4, pos 4, id 132",2.571,3.071,,1.374,10.2239
142,133,4,5,"row 4, pos 5, id 133",2.523,3.023,,1.708,10.2239
143,134,4,6,"row 4, pos 6, id 134",2.394,2.894,,2.039,10.2239
144,135,4,7,"row 4, pos 7, id 135",2.186,2.686,,2.367,10.2239
145,136,4,8,"row 4, pos 8, id 136",1.868,2.368,,2.693,10.2239
146,137,4,9,"row 4, pos 9, id 137",1.581,2.081,,3.016,10.2239
147,138,4,10,"row 4, pos 10, id 138",1.342,1.842,,3.339,10.2239
148,139,4,11,"row 4, pos 11, id 139",1.142,1.642,,3.660,10.2239
149,140,4,12,"row 4, pos 12, id 140",0.977,1.477,,3.980,10.2239
150,141,4,13,"row 4, pos 13, id 141",0.861,1.361,,4.300,10.2239
151,142,4,14,"row 4, pos 14, id 142",0.771,1.271,,4.620,10.2239
152,143,4,15,"row 4, pos 15, id 143",0.693,1.193,,4.941,10.2239
153,144,4,16,"row 4, pos 16, id 144",0.603,1.103,,5.262,10.2239
154,145,4,17,"row 4, pos 17, id 145",0.469,0.969,,5.585,10.2239
155,146,4,18,"row 4, pos 18, id 146",0.567,1.067,,5.909,10.2239
156,147,4,19,"row 4, pos 19, id 147",0.721,1.221,,6.236,10.2239
157,148,4,20,"row 4, pos 20, id 148",0.850,1.350,,6.565,10.2239
158,149,4,21,"row 4, pos 21, id 149",0.967,1.467,,6.897,10.2239
159,150,4,22,"row 4, pos 22, id 150",1.062,1.562,,7.232,10.2239
160,151,4,23,"row 4, pos 23, id 151",1.150,1.650,,7.570,10.2239
161,152,4,24,"row 4, pos 24, id 152",1.300,1.800,,7.913,10.2239
162,153,4,25,"row 4, pos 25, id 153",1.484,1.984,,8.260,10.2239
163,154,4,26,"row 4, pos 26, id 154",1.724,2.224,,8.611,10.2239
164,155,4,27,"row 4, pos 27, id 155",2.067,2.567,,8.967,10.2239
165,156,4,28,"row 4, pos 28, id 156",2.415,2.915,,9.329,10.2239
166,,,,"row 4, pos —, id — (after last hang)",,,0.373,,
167,,,,"row 5, pos —, id — (before first hang)",,,0.431,,
168,157,5,0,"row 5, pos 0, id 157",2.141,2.641,,0.000,9.5605
169,158,5,1,"row 5, pos 1, id 158",2.358,2.858,,0.339,9.5605
170,159,5,2,"row 5, pos 2, id 159",2.464,2.964,,0.674,9.5605
171,160,5,3,"row 5, pos 3, id 160",2.462,2.962,,1.006,9.5605
172,161,5,4,"row 5, pos 4, id 161",2.386,2.886,,1.336,9.5605
173,162,5,5,"row 5, pos 5, id 162",2.224,2.724,,1.663,9.5605
174,163,5,6,"row 5, pos 6, id 163",1.961,2.461,,1.988,9.5605
175,164,5,7,"row 5, pos 7, id 164",1.624,2.124,,2.311,9.5605
176,165,5,8,"row 5, pos 8, id 165",1.335,1.835,,2.633,9.5605
177,166,5,9,"row 5, pos 9, id 166",1.109,1.609,,2.954,9.5605
178,167,5,10,"row 5, pos 10, id 167",0.943,1.443,,3.274,9.5605
179,168,5,11,"row 5, pos 11, id 168",0.849,1.349,,3.594,9.5605
180,169,5,12,"row 5, pos 12, id 169",0.792,1.292,,3.914,9.5605
181,170,5,13,"row 5, pos 13, id 170",0.747,1.247,,4.235,9.5605
182,171,5,14,"row 5, pos 14, id 171",0.710,1.210,,4.556,9.5605
183,172,5,15,"row 5, pos 15, id 172",0.615,1.115,,4.879,9.5605
184,173,5,16,"row 5, pos 16, id 173",0.706,1.206,,5.203,9.5605
185,174,5,17,"row 5, pos 17, id 174",0.831,1.331,,5.529,9.5605
186,175,5,18,"row 5, pos 18, id 175",0.987,1.487,,5.857,9.5605
187,176,5,19,"row 5, pos 19, id 176",1.094,1.594,,6.187,9.5605
188,177,5,20,"row 5, pos 20, id 177",1.215,1.715,,6.521,9.5605
189,178,5,21,"row 5, pos 21, id 178",1.275,1.775,,6.858,9.5605
190,179,5,22,"row 5, pos 22, id 179",1.365,1.865,,7.198,9.5605
191,180,5,23,"row 5, pos 23, id 180",1.490,1.990,,7.542,9.5605
192,181,5,24,"row 5, pos 24, id 181",1.679,2.179,,7.890,9.5605
193,182,5,25,"row 5, pos 25, id 182",2.012,2.512,,8.243,9.5605
194,183,5,26,"row 5, pos 26, id 183",2.361,2.861,,8.600,9.5605
195,,,,"row 5, pos —, id — (after last hang)",,,0.529,,
196,,,,"row 6, pos —, id — (before first hang)",,,0.335,,
197,184,6,0,"row 6, pos 0, id 184",1.854,2.354,,0.000,9.6081
198,185,6,1,"row 6, pos 1, id 185",2.144,2.644,,0.339,9.6081
199,186,6,2,"row 6, pos 2, id 186",2.328,2.828,,0.675,9.6081
200,187,6,3,"row 6, pos 3, id 187",2.384,2.884,,1.008,9.6081
201,188,6,4,"row 6, pos 4, id 188",2.340,2.840,,1.338,9.6081
202,189,6,5,"row 6, pos 5, id 189",2.224,2.724,,1.666,9.6081
203,190,6,6,"row 6, pos 6, id 190",2.013,2.513,,1.991,9.6081
204,191,6,7,"row 6, pos 7, id 191",1.727,2.227,,2.315,9.6081
205,192,6,8,"row 6, pos 8, id 192",1.397,1.897,,2.637,9.6081
206,193,6,9,"row 6, pos 9, id 193",1.102,1.602,,2.958,9.6081
207,194,6,10,"row 6, pos 10, id 194",0.893,1.393,,3.279,9.6081
208,195,6,11,"row 6, pos 11, id 195",0.774,1.274,,3.599,9.6081
209,196,6,12,"row 6, pos 12, id 196",0.731,1.231,,3.919,9.6081
210,197,6,13,"row 6, pos 13, id 197",0.727,1.227,,4.239,9.6081
211,198,6,14,"row 6, pos 14, id 198",0.714,1.214,,4.560,9.6081
212,199,6,15,"row 6, pos 15, id 199",0.674,1.174,,4.882,9.6081
213,200,6,16,"row 6, pos 16, id 200",0.668,1.168,,5.206,9.6081
214,201,6,17,"row 6, pos 17, id 201",0.730,1.230,,5.531,9.6081
215,202,6,18,"row 6, pos 18, id 202",0.820,1.320,,5.858,9.6081
216,203,6,19,"row 6, pos 19, id 203",0.899,1.399,,6.187,9.6081
217,204,6,20,"row 6, pos 20, id 204",1.188,1.688,,6.520,9.6081
218,205,6,21,"row 6, pos 21, id 205",1.375,1.875,,6.855,9.6081
219,206,6,22,"row 6, pos 22, id 206",1.435,1.935,,7.193,9.6081
220,207,6,23,"row 6, pos 23, id 207",1.459,1.959,,7.536,9.6081
221,208,6,24,"row 6, pos 24, id 208",1.540,2.040,,7.882,9.6081
222,209,6,25,"row 6, pos 25, id 209",1.666,2.166,,8.232,9.6081
223,210,6,26,"row 6, pos 26, id 210",2.143,2.643,,8.587,9.6081
224,,,,"row 6, pos —, id — (after last hang)",,,0.686,,
225,,,,"row 7, pos —, id — (before first hang)",,,0.569,,
226,211,7,0,"row 7, pos 0, id 211",1.668,2.168,,0.000,9.6485
227,212,7,1,"row 7, pos 1, id 212",1.946,2.446,,0.337,9.6485
228,213,7,2,"row 7, pos 2, id 213",2.084,2.584,,0.670,9.6485
229,214,7,3,"row 7, pos 3, id 214",2.137,2.637,,1.001,9.6485
230,215,7,4,"row 7, pos 4, id 215",2.108,2.608,,1.329,9.6485
231,216,7,5,"row 7, pos 5, id 216",1.978,2.478,,1.655,9.6485
232,217,7,6,"row 7, pos 6, id 217",1.732,2.232,,1.979,9.6485
233,218,7,7,"row 7, pos 7, id 218",1.415,1.915,,2.302,9.6485
234,219,7,8,"row 7, pos 8, id 219",1.083,1.583,,2.624,9.6485
235,220,7,9,"row 7, pos 9, id 220",0.822,1.322,,2.944,9.6485
236,221,7,10,"row 7, pos 10, id 221",0.681,1.181,,3.264,9.6485
237,222,7,11,"row 7, pos 11, id 222",0.628,1.128,,3.584,9.6485
238,223,7,12,"row 7, pos 12, id 223",0.662,1.162,,3.904,9.6485
239,224,7,13,"row 7, pos 13, id 224",0.682,1.182,,4.225,9.6485
240,225,7,14,"row 7, pos 14, id 225",0.671,1.171,,4.547,9.6485
241,226,7,15,"row 7, pos 15, id 226",0.617,1.117,,4.870,9.6485
242,227,7,16,"row 7, pos 16, id 227",0.593,1.093,,5.194,9.6485
243,228,7,17,"row 7, pos 17, id 228",0.599,1.099,,5.520,9.6485
244,229,7,18,"row 7, pos 18, id 229",0.643,1.143,,5.849,9.6485
245,230,7,19,"row 7, pos 19, id 230",0.774,1.274,,6.180,9.6485
246,231,7,20,"row 7, pos 20, id 231",1.130,1.630,,6.514,9.6485
247,232,7,21,"row 7, pos 21, id 232",1.328,1.828,,6.851,9.6485
248,233,7,22,"row 7, pos 22, id 233",1.192,1.692,,7.191,9.6485
249,234,7,23,"row 7, pos 23, id 234",1.174,1.674,,7.535,9.6485
250,235,7,24,"row 7, pos 24, id 235",1.300,1.800,,7.883,9.6485
251,236,7,25,"row 7, pos 25, id 236",1.727,2.227,,8.236,9.6485
252,,,,"row 7, pos —, id — (after last hang)",,,0.843,,
253,,,,"row 8, pos —, id — (before first hang)",,,0.480,,
254,237,8,0,"row 8, pos 0, id 237",0.630,1.130,,0.000,9.5440
255,238,8,1,"row 8, pos 1, id 238",0.661,1.161,,0.358,9.5440
256,239,8,2,"row 8, pos 2, id 239",0.685,1.185,,0.711,9.5440
257,240,8,3,"row 8, pos 3, id 240",0.735,1.235,,1.060,9.5440
258,241,8,4,"row 8, pos 4, id 241",0.840,1.340,,1.405,9.5440
259,242,8,5,"row 8, pos 5, id 242",1.035,1.535,,1.745,9.5440
260,243,8,6,"row 8, pos 6, id 243",1.302,1.802,,2.083,9.5440
261,244,8,7,"row 8, pos 7, id 244",1.501,2.001,,2.416,9.5440
262,245,8,8,"row 8, pos 8, id 245",1.635,2.135,,2.747,9.5440
263,246,8,9,"row 8, pos 9, id 246",1.699,2.199,,3.076,9.5440
264,247,8,10,"row 8, pos 10, id 247",1.676,2.176,,3.402,9.5440
265,248,8,11,"row 8, pos 11, id 248",1.519,2.019,,3.726,9.5440
266,249,8,12,"row 8, pos 12, id 249",1.264,1.764,,4.049,9.5440
267,250,8,13,"row 8, pos 13, id 250",0.991,1.491,,4.370,9.5440
268,251,8,14,"row 8, pos 14, id 251",0.775,1.275,,4.691,9.5440
269,252,8,15,"row 8, pos 15, id 252",0.611,1.111,,5.011,9.5440
270,253,8,16,"row 8, pos 16, id 253",0.591,1.091,,5.331,9.5440
271,254,8,17,"row 8, pos 17, id 254",0.601,1.101,,5.652,9.5440
272,255,8,18,"row 8, pos 18, id 255",0.599,1.099,,5.972,9.5440
273,256,8,19,"row 8, pos 19, id 256",0.592,1.092,,6.294,9.5440
274,257,8,20,"row 8, pos 20, id 257",0.546,1.046,,6.617,9.5440
275,258,8,21,"row 8, pos 21, id 258",0.519,1.019,,6.942,9.5440
276,259,8,22,"row 8, pos 22, id 259",0.530,1.030,,7.269,9.5440
277,260,8,23,"row 8, pos 23, id 260",0.561,1.061,,7.598,9.5440
278,261,8,24,"row 8, pos 24, id 261",0.617,1.117,,7.930,9.5440
279,262,8,25,"row 8, pos 25, id 262",0.731,1.231,,8.265,9.5440
280,263,8,26,"row 8, pos 26, id 263",0.904,1.404,,8.603,9.5440
281,,,,"row 8, pos —, id — (after last hang)",,,0.460,,
282,,,,"row 9, pos —, id — (before first hang)",,,0.647,,
283,264,9,0,"row 9, pos 0, id 264",0.420,0.920,,0.000,9.4814
284,265,9,1,"row 9, pos 1, id 265",0.464,0.964,,0.356,9.4814
285,266,9,2,"row 9, pos 2, id 266",0.503,1.003,,0.708,9.4814
286,267,9,3,"row 9, pos 3, id 267",0.551,1.051,,1.055,9.4814
287,268,9,4,"row 9, pos 4, id 268",0.635,1.135,,1.398,9.4814
288,269,9,5,"row 9, pos 5, id 269",0.757,1.257,,1.737,9.4814
289,270,9,6,"row 9, pos 6, id 270",0.910,1.410,,2.073,9.4814
290,271,9,7,"row 9, pos 7, id 271",1.067,1.567,,2.405,9.4814
291,272,9,8,"row 9, pos 8, id 272",1.177,1.677,,2.735,9.4814
292,273,9,9,"row 9, pos 9, id 273",1.222,1.722,,3.062,9.4814
293,274,9,10,"row 9, pos 10, id 274",1.129,1.629,,3.388,9.4814
294,275,9,11,"row 9, pos 11, id 275",0.975,1.475,,3.711,9.4814
295,276,9,12,"row 9, pos 12, id 276",0.791,1.291,,4.033,9.4814
296,277,9,13,"row 9, pos 13, id 277",0.664,1.164,,4.354,9.4814
297,278,9,14,"row 9, pos 14, id 278",0.608,1.108,,4.674,9.4814
298,279,9,15,"row 9, pos 15, id 279",0.626,1.126,,4.994,9.4814
299,280,9,16,"row 9, pos 16, id 280",0.620,1.120,,5.314,9.4814
300,281,9,17,"row 9, pos 17, id 281",0.586,1.086,,5.635,9.4814
301,282,9,18,"row 9, pos 18, id 282",0.541,1.041,,5.956,9.4814
302,283,9,19,"row 9, pos 19, id 283",0.490,0.990,,6.279,9.4814
303,284,9,20,"row 9, pos 20, id 284",0.440,0.940,,6.603,9.4814
304,285,9,21,"row 9, pos 21, id 285",0.441,0.941,,6.929,9.4814
305,286,9,22,"row 9, pos 22, id 286",0.469,0.969,,7.258,9.4814
306,287,9,23,"row 9, pos 23, id 287",0.503,1.003,,7.589,9.4814
307,288,9,24,"row 9, pos 24, id 288",0.563,1.063,,7.923,9.4814
308,289,9,25,"row 9, pos 25, id 289",0.690,1.190,,8.260,9.4814
309,,,,"row 9, pos —, id — (after last hang)",,,0.574,,
310,,,,"row 10, pos —, id — (before first hang)",,,0.451,,
311,290,10,0,"row 10, pos 0, id 290",0.266,0.766,,0.000,9.4367
312,291,10,1,"row 10, pos 1, id 291",0.296,0.796,,0.359,9.4367
313,292,10,2,"row 10, pos 2, id 292",0.355,0.855,,0.714,9.4367
314,293,10,3,"row 10, pos 3, id 293",0.431,0.931,,1.063,9.4367
315,294,10,4,"row 10, pos 4, id 294",0.454,0.954,,1.409,9.4367
316,295,10,5,"row 10, pos 5, id 295",0.490,0.990,,1.750,9.4367
317,296,10,6,"row 10, pos 6, id 296",0.522,1.022,,2.088,9.4367
318,297,10,7,"row 10, pos 7, id 297",0.591,1.091,,2.422,9.4367
319,298,10,8,"row 10, pos 8, id 298",0.697,1.197,,2.753,9.4367
320,299,10,9,"row 10, pos 9, id 299",0.755,1.255,,3.082,9.4367
321,300,10,10,"row 10, pos 10, id 300",0.727,1.227,,3.408,9.4367
322,301,10,11,"row 10, pos 11, id 301",0.711,1.211,,3.732,9.4367
323,302,10,12,"row 10, pos 12, id 302",0.620,1.120,,4.055,9.4367
324,303,10,13,"row 10, pos 13, id 303",0.576,1.076,,4.376,9.4367
325,304,10,14,"row 10, pos 14, id 304",0.633,1.133,,4.697,9.4367
326,305,10,15,"row 10, pos 15, id 305",0.686,1.186,,5.017,9.4367
327,306,10,16,"row 10, pos 16, id 306",0.712,1.212,,5.337,9.4367
328,307,10,17,"row 10, pos 17, id 307",0.694,1.194,,5.657,9.4367
329,308,10,18,"row 10, pos 18, id 308",0.616,1.116,,5.978,9.4367
330,309,10,19,"row 10, pos 19, id 309",0.515,1.015,,6.300,9.4367
331,310,10,20,"row 10, pos 20, id 310",0.442,0.942,,6.624,9.4367
332,311,10,21,"row 10, pos 21, id 311",0.388,0.888,,6.949,9.4367
333,312,10,22,"row 10, pos 22, id 312",0.387,0.887,,7.277,9.4367
334,313,10,23,"row 10, pos 23, id 313",0.425,0.925,,7.607,9.4367
335,314,10,24,"row 10, pos 24, id 314",0.489,0.989,,7.940,9.4367
336,315,10,25,"row 10, pos 25, id 315",0.619,1.119,,8.276,9.4367
337,316,10,26,"row 10, pos 26, id 316",0.801,1.301,,8.616,9.4367
338,,,,"row 10, pos —, id — (after last hang)",,,0.368,,
339,,,,"row 11, pos —, id — (before first hang)",,,0.603,,
340,317,11,0,"row 11, pos 0, id 317",0.257,0.757,,0.000,10.3313
341,318,11,1,"row 11, pos 1, id 318",0.278,0.778,,0.352,10.3313
342,319,11,2,"row 11, pos 2, id 319",0.310,0.810,,0.700,10.3313
343,320,11,3,"row 11, pos 3, id 320",0.355,0.855,,1.045,10.3313
344,321,11,4,"row 11, pos 4, id 321",0.392,0.892,,1.386,10.3313
345,322,11,5,"row 11, pos 5, id 322",0.420,0.920,,1.724,10.3313
346,323,11,6,"row 11, pos 6, id 323",0.402,0.902,,2.060,10.3313
347,324,11,7,"row 11, pos 7, id 324",0.427,0.927,,2.392,10.3313
348,325,11,8,"row 11, pos 8, id 325",0.472,0.972,,2.722,10.3313
349,326,11,9,"row 11, pos 9, id 326",0.493,0.993,,3.050,10.3313
350,327,11,10,"row 11, pos 10, id 327",0.526,1.026,,3.377,10.3313
351,328,11,11,"row 11, pos 11, id 328",0.524,1.024,,3.701,10.3313
352,329,11,12,"row 11, pos 12, id 329",0.552,1.052,,4.024,10.3313
353,330,11,13,"row 11, pos 13, id 330",0.631,1.131,,4.346,10.3313
354,331,11,14,"row 11, pos 14, id 331",0.706,1.206,,4.667,10.3313
355,332,11,15,"row 11, pos 15, id 332",0.754,1.254,,4.988,10.3313
356,333,11,16,"row 11, pos 16, id 333",0.755,1.255,,5.308,10.3313
357,334,11,17,"row 11, pos 17, id 334",0.673,1.173,,5.628,10.3313
358,335,11,18,"row 11, pos 18, id 335",0.576,1.076,,5.948,10.3313
359,336,11,19,"row 11, pos 19, id 336",0.480,0.980,,6.269,10.3313
360,337,11,20,"row 11, pos 20, id 337",0.382,0.882,,6.590,10.3313
361,338,11,21,"row 11, pos 21, id 338",0.278,0.778,,6.912,10.3313
362,339,11,22,"row 11, pos 22, id 339",0.196,0.696,,7.236,10.3313
363,340,11,23,"row 11, pos 23, id 340",0.178,0.678,,7.561,10.3313
364,341,11,24,"row 11, pos 24, id 341",0.255,0.755,,7.888,10.3313
365,342,11,25,"row 11, pos 25, id 342",0.402,0.902,,8.217,10.3313
366,343,11,26,"row 11, pos 26, id 343",0.600,1.100,,8.548,10.3313
367,344,11,27,"row 11, pos 27, id 344",0.844,1.344,,8.882,10.3313
368,345,11,28,"row 11, pos 28, id 345",1.114,1.614,,9.218,10.3313
369,,,,"row 11, pos —, id — (after last hang)",,,0.509,,
370,,,,"row 12, pos —, id — (before first hang)",,,0.382,,
371,346,12,0,"row 12, pos 0, id 346",0.413,0.913,,0.000,11.3262
372,347,12,1,"row 12, pos 1, id 347",0.349,0.849,,0.353,11.3262
373,348,12,2,"row 12, pos 2, id 348",0.304,0.804,,0.702,11.3262
374,349,12,3,"row 12, pos 3, id 349",0.273,0.773,,1.048,11.3262
375,350,12,4,"row 12, pos 4, id 350",0.268,0.768,,1.390,11.3262
376,351,12,5,"row 12, pos 5, id 351",0.279,0.779,,1.730,11.3262
377,352,12,6,"row 12, pos 6, id 352",0.278,0.778,,2.066,11.3262
378,353,12,7,"row 12, pos 7, id 353",0.303,0.803,,2.400,11.3262
379,354,12,8,"row 12, pos 8, id 354",0.339,0.839,,2.732,11.3262
380,355,12,9,"row 12, pos 9, id 355",0.371,0.871,,3.061,11.3262
381,356,12,10,"row 12, pos 10, id 356",0.399,0.899,,3.389,11.3262
382,357,12,11,"row 12, pos 11, id 357",0.427,0.927,,3.715,11.3262
383,358,12,12,"row 12, pos 12, id 358",0.477,0.977,,4.039,11.3262
384,359,12,13,"row 12, pos 13, id 359",0.552,1.052,,4.362,11.3262
385,360,12,14,"row 12, pos 14, id 360",0.639,1.139,,4.684,11.3262
386,361,12,15,"row 12, pos 15, id 361",0.706,1.206,,5.005,11.3262
387,362,12,16,"row 12, pos 16, id 362",0.722,1.222,,5.325,11.3262
388,363,12,17,"row 12, pos 17, id 363",0.678,1.178,,5.645,11.3262
389,364,12,18,"row 12, pos 18, id 364",0.643,1.143,,5.965,11.3262
390,365,12,19,"row 12, pos 19, id 365",0.584,1.084,,6.285,11.3262
391,366,12,20,"row 12, pos 20, id 366",0.526,1.026,,6.606,11.3262
392,367,12,21,"row 12, pos 21, id 367",0.411,0.911,,6.927,11.3262
393,368,12,22,"row 12, pos 22, id 368",0.260,0.760,,7.249,11.3262
394,369,12,23,"row 12, pos 23, id 369",0.108,0.608,,7.572,11.3262
395,370,12,24,"row 12, pos 24, id 370",0.050,0.550,,7.897,11.3262
396,371,12,25,"row 12, pos 25, id 371",0.121,0.621,,8.222,11.3262
397,372,12,26,"row 12, pos 26, id 372",0.293,0.793,,8.550,11.3262
398,373,12,27,"row 12, pos 27, id 373",0.561,1.061,,8.880,11.3262
399,374,12,28,"row 12, pos 28, id 374",0.859,1.359,,9.212,11.3262
400,375,12,29,"row 12, pos 29, id 375",1.184,1.684,,9.547,11.3262
401,376,12,30,"row 12, pos 30, id 376",1.577,2.077,,9.884,11.3262
402,377,12,31,"row 12, pos 31, id 377",1.986,2.486,,10.224,11.3262
403,378,12,32,"row 12, pos 32, id 378",2.415,2.915,,10.567,11.3262
404,,,,"row 12, pos —, id — (after last hang)",,,0.377,,
405,,,,"row 13, pos —, id — (before first hang)",,,0.548,,
406,379,13,0,"row 13, pos 0, id 379",0.634,1.134,,0.000,11.4683
407,380,13,1,"row 13, pos 1, id 380",0.465,0.965,,0.355,11.4683
408,381,13,2,"row 13, pos 2, id 381",0.347,0.847,,0.706,11.4683
409,382,13,3,"row 13, pos 3, id 382",0.251,0.751,,1.054,11.4683
410,383,13,4,"row 13, pos 4, id 383",0.195,0.695,,1.397,11.4683
411,384,13,5,"row 13, pos 5, id 384",0.177,0.677,,1.736,11.4683
412,385,13,6,"row 13, pos 6, id 385",0.189,0.689,,2.073,11.4683
413,386,13,7,"row 13, pos 7, id 386",0.230,0.730,,2.406,11.4683
414,387,13,8,"row 13, pos 8, id 387",0.277,0.777,,2.736,11.4683
415,388,13,9,"row 13, pos 9, id 388",0.276,0.776,,3.065,11.4683
416,389,13,10,"row 13, pos 10, id 389",0.290,0.790,,3.391,11.4683
417,390,13,11,"row 13, pos 11, id 390",0.326,0.826,,3.715,11.4683
418,391,13,12,"row 13, pos 12, id 391",0.376,0.876,,4.038,11.4683
419,392,13,13,"row 13, pos 13, id 392",0.467,0.967,,4.359,11.4683
420,393,13,14,"row 13, pos 14, id 393",0.555,1.055,,4.680,11.4683
421,394,13,15,"row 13, pos 15, id 394",0.605,1.105,,5.000,11.4683
422,395,13,16,"row 13, pos 16, id 395",0.652,1.152,,5.320,11.4683
423,396,13,17,"row 13, pos 17, id 396",0.679,1.179,,5.640,11.4683
424,397,13,18,"row 13, pos 18, id 397",0.698,1.198,,5.961,11.4683
425,398,13,19,"row 13, pos 19, id 398",0.704,1.204,,6.282,11.4683
426,399,13,20,"row 13, pos 20, id 399",0.629,1.129,,6.605,11.4683
427,400,13,21,"row 13, pos 21, id 400",0.506,1.006,,6.929,11.4683
428,401,13,22,"row 13, pos 22, id 401",0.354,0.854,,7.254,11.4683
429,402,13,23,"row 13, pos 23, id 402",0.243,0.743,,7.582,11.4683
430,403,13,24,"row 13, pos 24, id 403",0.218,0.718,,7.912,11.4683
431,404,13,25,"row 13, pos 25, id 404",0.373,0.873,,8.245,11.4683
432,405,13,26,"row 13, pos 26, id 405",0.615,1.115,,8.581,11.4683
433,406,13,27,"row 13, pos 27, id 406",0.933,1.433,,8.920,11.4683
434,407,13,28,"row 13, pos 28, id 407",1.314,1.814,,9.263,11.4683
435,408,13,29,"row 13, pos 29, id 408",1.756,2.256,,9.609,11.4683
436,409,13,30,"row 13, pos 30, id 409",2.208,2.708,,9.959,11.4683
437,410,13,31,"row 13, pos 31, id 410",2.636,3.136,,10.314,11.4683
438,,,,"row 13, pos —, id — (after last hang)",,,0.606,,
439,,,,"row 14, pos —, id — (before first hang)",,,0.705,,
440,411,14,0,"row 14, pos 0, id 411",0.933,1.433,,0.000,11.4936
441,412,14,1,"row 14, pos 1, id 412",0.714,1.214,,0.353,11.4936
442,413,14,2,"row 14, pos 2, id 413",0.530,1.030,,0.703,11.4936
443,414,14,3,"row 14, pos 3, id 414",0.380,0.880,,1.048,11.4936
444,415,14,4,"row 14, pos 4, id 415",0.292,0.792,,1.389,11.4936
445,416,14,5,"row 14, pos 5, id 416",0.255,0.755,,1.727,11.4936
446,417,14,6,"row 14, pos 6, id 417",0.239,0.739,,2.062,11.4936
447,418,14,7,"row 14, pos 7, id 418",0.243,0.743,,2.394,11.4936
448,419,14,8,"row 14, pos 8, id 419",0.242,0.742,,2.724,11.4936
449,420,14,9,"row 14, pos 9, id 420",0.239,0.739,,3.051,11.4936
450,421,14,10,"row 14, pos 10, id 421",0.251,0.751,,3.376,11.4936
451,422,14,11,"row 14, pos 11, id 422",0.280,0.780,,3.700,11.4936
452,423,14,12,"row 14, pos 12, id 423",0.326,0.826,,4.022,11.4936
453,424,14,13,"row 14, pos 13, id 424",0.406,0.906,,4.343,11.4936
454,425,14,14,"row 14, pos 14, id 425",0.508,1.008,,4.664,11.4936
455,426,14,15,"row 14, pos 15, id 426",0.617,1.117,,4.984,11.4936
456,427,14,16,"row 14, pos 16, id 427",0.706,1.206,,5.304,11.4936
457,428,14,17,"row 14, pos 17, id 428",0.780,1.280,,5.624,11.4936
458,429,14,18,"row 14, pos 18, id 429",0.813,1.313,,5.945,11.4936
459,430,14,19,"row 14, pos 19, id 430",0.777,1.277,,6.267,11.4936
460,431,14,20,"row 14, pos 20, id 431",0.672,1.172,,6.590,11.4936
461,432,14,21,"row 14, pos 21, id 432",0.515,1.015,,6.914,11.4936
462,433,14,22,"row 14, pos 22, id 433",0.328,0.828,,7.241,11.4936
463,434,14,23,"row 14, pos 23, id 434",0.227,0.727,,7.569,11.4936
464,435,14,24,"row 14, pos 24, id 435",0.313,0.813,,7.901,11.4936
465,436,14,25,"row 14, pos 25, id 436",0.493,0.993,,8.234,11.4936
466,437,14,26,"row 14, pos 26, id 437",0.775,1.275,,8.571,11.4936
467,438,14,27,"row 14, pos 27, id 438",1.132,1.632,,8.911,11.4936
468,439,14,28,"row 14, pos 28, id 439",1.552,2.052,,9.255,11.4936
469,440,14,29,"row 14, pos 29, id 440",2.002,2.502,,9.603,11.4936
470,441,14,30,"row 14, pos 30, id 441",2.425,2.925,,9.955,11.4936
471,442,14,31,"row 14, pos 31, id 442",2.822,3.322,,10.311,11.4936
472,,,,"row 14, pos —, id — (after last hang)",,,0.477,,
473,,,,"row 15, pos —, id — (before first hang)",,,0.504,,
474,443,15,0,"row 15, pos 0, id 443",1.466,1.966,,0.000,11.5174
475,444,15,1,"row 15, pos 1, id 444",1.232,1.732,,0.356,11.5174
476,445,15,2,"row 15, pos 2, id 445",1.006,1.506,,0.707,11.5174
477,446,15,3,"row 15, pos 3, id 446",0.790,1.290,,1.055,11.5174
478,447,15,4,"row 15, pos 4, id 447",0.599,1.099,,1.398,11.5174
479,448,15,5,"row 15, pos 5, id 448",0.457,0.957,,1.738,11.5174
480,449,15,6,"row 15, pos 6, id 449",0.358,0.858,,2.075,11.5174
481,450,15,7,"row 15, pos 7, id 450",0.303,0.803,,2.408,11.5174
482,451,15,8,"row 15, pos 8, id 451",0.267,0.767,,2.739,11.5174
483,452,15,9,"row 15, pos 9, id 452",0.236,0.736,,3.068,11.5174
484,453,15,10,"row 15, pos 10, id 453",0.220,0.720,,3.394,11.5174
485,454,15,11,"row 15, pos 11, id 454",0.219,0.719,,3.718,11.5174
486,455,15,12,"row 15, pos 12, id 455",0.237,0.737,,4.041,11.5174
487,456,15,13,"row 15, pos 13, id 456",0.281,0.781,,4.363,11.5174
488,457,15,14,"row 15, pos 14, id 457",0.339,0.839,,4.684,11.5174
489,458,15,15,"row 15, pos 15, id 458",0.473,0.973,,5.004,11.5174
490,459,15,16,"row 15, pos 16, id 459",0.616,1.116,,5.324,11.5174
491,460,15,17,"row 15, pos 17, id 460",0.732,1.232,,5.644,11.5174
492,461,15,18,"row 15, pos 18, id 461",0.834,1.334,,5.965,11.5174
493,462,15,19,"row 15, pos 19, id 462",0.873,1.373,,6.286,11.5174
494,463,15,20,"row 15, pos 20, id 463",0.826,1.326,,6.608,11.5174
495,464,15,21,"row 15, pos 21, id 464",0.710,1.210,,6.932,11.5174
496,465,15,22,"row 15, pos 22, id 465",0.528,1.028,,7.257,11.5174
497,466,15,23,"row 15, pos 23, id 466",0.354,0.854,,7.584,11.5174
498,467,15,24,"row 15, pos 24, id 467",0.300,0.800,,7.914,11.5174
499,468,15,25,"row 15, pos 25, id 468",0.368,0.868,,8.246,11.5174
500,469,15,26,"row 15, pos 26, id 469",0.563,1.063,,8.581,11.5174
501,470,15,27,"row 15, pos 27, id 470",0.879,1.379,,8.919,11.5174
502,471,15,28,"row 15, pos 28, id 471",1.261,1.761,,9.260,11.5174
503,472,15,29,"row 15, pos 29, id 472",1.703,2.203,,9.605,11.5174
504,473,15,30,"row 15, pos 30, id 473",2.144,2.644,,9.954,11.5174
505,474,15,31,"row 15, pos 31, id 474",2.562,3.062,,10.308,11.5174
506,475,15,32,"row 15, pos 32, id 475",2.966,3.466,,10.665,11.5174
507,,,,"row 15, pos —, id — (after last hang)",,,0.348,,
508,,,,"row 16, pos —, id — (before first hang)",,,0.655,,
509,476,16,0,"row 16, pos 0, id 476",1.809,2.309,,0.000,11.5383
510,477,16,1,"row 16, pos 1, id 477",1.558,2.058,,0.354,11.5383
511,478,16,2,"row 16, pos 2, id 478",1.319,1.819,,0.704,11.5383
512,479,16,3,"row 16, pos 3, id 479",1.066,1.566,,1.049,11.5383
513,480,16,4,"row 16, pos 4, id 480",0.814,1.314,,1.391,11.5383
514,481,16,5,"row 16, pos 5, id 481",0.594,1.094,,1.729,11.5383
515,482,16,6,"row 16, pos 6, id 482",0.446,0.946,,2.065,11.5383
516,483,16,7,"row 16, pos 7, id 483",0.349,0.849,,2.397,11.5383
517,484,16,8,"row 16, pos 8, id 484",0.280,0.780,,2.727,11.5383
518,485,16,9,"row 16, pos 9, id 485",0.239,0.739,,3.054,11.5383
519,486,16,10,"row 16, pos 10, id 486",0.212,0.712,,3.380,11.5383
520,487,16,11,"row 16, pos 11, id 487",0.203,0.703,,3.704,11.5383
521,488,16,12,"row 16, pos 12, id 488",0.218,0.718,,4.026,11.5383
522,489,16,13,"row 16, pos 13, id 489",0.253,0.753,,4.348,11.5383
523,490,16,14,"row 16, pos 14, id 490",0.313,0.813,,4.668,11.5383
524,491,16,15,"row 16, pos 15, id 491",0.405,0.905,,4.988,11.5383
525,492,16,16,"row 16, pos 16, id 492",0.550,1.050,,5.308,11.5383
526,493,16,17,"row 16, pos 17, id 493",0.695,1.195,,5.628,11.5383
527,494,16,18,"row 16, pos 18, id 494",0.816,1.316,,5.949,11.5383
528,495,16,19,"row 16, pos 19, id 495",0.864,1.364,,6.271,11.5383
529,496,16,20,"row 16, pos 20, id 496",0.806,1.306,,6.593,11.5383
530,497,16,21,"row 16, pos 21, id 497",0.669,1.169,,6.918,11.5383
531,498,16,22,"row 16, pos 22, id 498",0.501,1.001,,7.244,11.5383
532,499,16,23,"row 16, pos 23, id 499",0.364,0.864,,7.571,11.5383
533,500,16,24,"row 16, pos 24, id 500",0.339,0.839,,7.902,11.5383
534,501,16,25,"row 16, pos 25, id 501",0.470,0.970,,8.235,11.5383
535,502,16,26,"row 16, pos 26, id 502",0.761,1.261,,8.571,11.5383
536,503,16,27,"row 16, pos 27, id 503",1.128,1.628,,8.910,11.5383
537,504,16,28,"row 16, pos 28, id 504",1.528,2.028,,9.253,11.5383
538,505,16,29,"row 16, pos 29, id 505",1.948,2.448,,9.599,11.5383
539,506,16,30,"row 16, pos 30, id 506",2.339,2.839,,9.950,11.5383
540,507,16,31,"row 16, pos 31, id 507",2.729,3.229,,10.304,11.5383
541,,,,"row 16, pos —, id — (after last hang)",,,0.578,,
542,,,,"row 17, pos —, id — (before first hang)",,,0.464,,
543,508,17,0,"row 17, pos 0, id 508",2.123,2.623,,0.000,11.4956
544,509,17,1,"row 17, pos 1, id 509",1.852,2.352,,0.346,11.4956
545,510,17,2,"row 17, pos 2, id 510",1.572,2.072,,0.689,11.4956
546,511,17,3,"row 17, pos 3, id 511",1.291,1.791,,1.029,11.4956
547,512,17,4,"row 17, pos 4, id 512",1.020,1.520,,1.366,11.4956
548,513,17,5,"row 17, pos 5, id 513",0.739,1.239,,1.700,11.4956
549,514,17,6,"row 17, pos 6, id 514",0.497,0.997,,2.031,11.4956
550,515,17,7,"row 17, pos 7, id 515",0.336,0.836,,2.361,11.4956
551,516,17,8,"row 17, pos 8, id 516",0.242,0.742,,2.688,11.4956
552,517,17,9,"row 17, pos 9, id 517",0.211,0.711,,3.014,11.4956
553,518,17,10,"row 17, pos 10, id 518",0.180,0.680,,3.338,11.4956
554,519,17,11,"row 17, pos 11, id 519",0.164,0.664,,3.660,11.4956
555,520,17,12,"row 17, pos 12, id 520",0.189,0.689,,3.982,11.4956
556,521,17,13,"row 17, pos 13, id 521",0.240,0.740,,4.303,11.4956
557,522,17,14,"row 17, pos 14, id 522",0.341,0.841,,4.623,11.4956
558,523,17,15,"row 17, pos 15, id 523",0.490,0.990,,4.943,11.4956
559,524,17,16,"row 17, pos 16, id 524",0.704,1.204,,5.263,11.4956
560,525,17,17,"row 17, pos 17, id 525",0.898,1.398,,5.583,11.4956
561,526,17,18,"row 17, pos 18, id 526",1.013,1.513,,5.904,11.4956
562,527,17,19,"row 17, pos 19, id 527",1.014,1.514,,6.226,11.4956
563,528,17,20,"row 17, pos 20, id 528",0.901,1.401,,6.548,11.4956
564,529,17,21,"row 17, pos 21, id 529",0.764,1.264,,6.872,11.4956
565,530,17,22,"row 17, pos 22, id 530",0.603,1.103,,7.197,11.4956
566,531,17,23,"row 17, pos 23, id 531",0.479,0.979,,7.524,11.4956
567,532,17,24,"row 17, pos 24, id 532",0.435,0.935,,7.853,11.4956
568,533,17,25,"row 17, pos 25, id 533",0.548,1.048,,8.184,11.4956
569,534,17,26,"row 17, pos 26, id 534",0.800,1.300,,8.518,11.4956
570,535,17,27,"row 17, pos 27, id 535",1.144,1.644,,8.855,11.4956
571,536,17,28,"row 17, pos 28, id 536",1.523,2.023,,9.194,11.4956
572,537,17,29,"row 17, pos 29, id 537",1.913,2.413,,9.536,11.4956
573,538,17,30,"row 17, pos 30, id 538",2.273,2.773,,9.882,11.4956
574,539,17,31,"row 17, pos 31, id 539",2.604,3.104,,10.231,11.4956
575,540,17,32,"row 17, pos 32, id 540",2.917,3.417,,10.584,11.4956
576,,,,"row 17, pos —, id — (after last hang)",,,0.447,,
577,,,,"row 18, pos —, id — (before first hang)",,,0.560,,
578,541,18,0,"row 18, pos 0, id 541",2.482,2.982,,0.000,11.5461
579,542,18,1,"row 18, pos 1, id 542",2.130,2.630,,0.355,11.5461
580,543,18,2,"row 18, pos 2, id 543",1.783,2.283,,0.705,11.5461
581,544,18,3,"row 18, pos 3, id 544",1.456,1.956,,1.052,11.5461
582,545,18,4,"row 18, pos 4, id 545",1.127,1.627,,1.395,11.5461
583,546,18,5,"row 18, pos 5, id 546",0.809,1.309,,1.734,11.5461
584,547,18,6,"row 18, pos 6, id 547",0.540,1.040,,2.070,11.5461
585,548,18,7,"row 18, pos 7, id 548",0.387,0.887,,2.403,11.5461
586,549,18,8,"row 18, pos 8, id 549",0.327,0.827,,2.734,11.5461
587,550,18,9,"row 18, pos 9, id 550",0.264,0.764,,3.062,11.5461
588,551,18,10,"row 18, pos 10, id 551",0.229,0.729,,3.388,11.5461
589,552,18,11,"row 18, pos 11, id 552",0.257,0.757,,3.712,11.5461
590,553,18,12,"row 18, pos 12, id 553",0.340,0.840,,4.035,11.5461
591,554,18,13,"row 18, pos 13, id 554",0.503,1.003,,4.357,11.5461
592,555,18,14,"row 18, pos 14, id 555",0.787,1.287,,4.678,11.5461
593,556,18,15,"row 18, pos 15, id 556",1.124,1.624,,4.998,11.5461
594,557,18,16,"row 18, pos 16, id 557",1.335,1.835,,5.318,11.5461
595,558,18,17,"row 18, pos 17, id 558",1.431,1.931,,5.638,11.5461
596,559,18,18,"row 18, pos 18, id 559",1.402,1.902,,5.958,11.5461
597,560,18,19,"row 18, pos 19, id 560",1.222,1.722,,6.280,11.5461
598,561,18,20,"row 18, pos 20, id 561",0.983,1.483,,6.602,11.5461
599,562,18,21,"row 18, pos 21, id 562",0.717,1.217,,6.926,11.5461
600,563,18,22,"row 18, pos 22, id 563",0.551,1.051,,7.251,11.5461
601,564,18,23,"row 18, pos 23, id 564",0.508,1.008,,7.578,11.5461
602,565,18,24,"row 18, pos 24, id 565",0.579,1.079,,7.908,11.5461
603,566,18,25,"row 18, pos 25, id 566",0.782,1.282,,8.240,11.5461
604,567,18,26,"row 18, pos 26, id 567",1.079,1.579,,8.575,11.5461
605,568,18,27,"row 18, pos 27, id 568",1.416,1.916,,8.914,11.5461
606,569,18,28,"row 18, pos 28, id 569",1.790,2.290,,9.255,11.5461
607,570,18,29,"row 18, pos 29, id 570",2.131,2.631,,9.601,11.5461
608,571,18,30,"row 18, pos 30, id 571",2.438,2.938,,9.950,11.5461
609,572,18,31,"row 18, pos 31, id 572",2.737,3.237,,10.303,11.5461
610,,,,"row 18, pos —, id — (after last hang)",,,0.682,,
611,,,,"row 19, pos —, id — (before first hang)",,,0.679,,
612,573,19,0,"row 19, pos 0, id 573",2.436,2.936,,0.000,11.5400
613,574,19,1,"row 19, pos 1, id 574",2.067,2.567,,0.353,11.5400
614,575,19,2,"row 19, pos 2, id 575",1.699,2.199,,0.703,11.5400
615,576,19,3,"row 19, pos 3, id 576",1.335,1.835,,1.048,11.5400
616,577,19,4,"row 19, pos 4, id 577",0.985,1.485,,1.390,11.5400
617,578,19,5,"row 19, pos 5, id 578",0.670,1.170,,1.728,11.5400
618,579,19,6,"row 19, pos 6, id 579",0.462,0.962,,2.063,11.5400
619,580,19,7,"row 19, pos 7, id 580",0.326,0.826,,2.395,11.5400
620,581,19,8,"row 19, pos 8, id 581",0.252,0.752,,2.725,11.5400
621,582,19,9,"row 19, pos 9, id 582",0.232,0.732,,3.052,11.5400
622,583,19,10,"row 19, pos 10, id 583",0.289,0.789,,3.378,11.5400
623,584,19,11,"row 19, pos 11, id 584",0.433,0.933,,3.702,11.5400
624,585,19,12,"row 19, pos 12, id 585",0.711,1.211,,4.024,11.5400
625,586,19,13,"row 19, pos 13, id 586",1.128,1.628,,4.345,11.5400
626,587,19,14,"row 19, pos 14, id 587",1.587,2.087,,4.666,11.5400
627,588,19,15,"row 19, pos 15, id 588",1.806,2.306,,4.986,11.5400
628,589,19,16,"row 19, pos 16, id 589",1.827,2.327,,5.306,11.5400
629,590,19,17,"row 19, pos 17, id 590",1.789,2.289,,5.626,11.5400
630,591,19,18,"row 19, pos 18, id 591",1.664,2.164,,5.947,11.5400
631,592,19,19,"row 19, pos 19, id 592",1.452,1.952,,6.268,11.5400
632,593,19,20,"row 19, pos 20, id 593",1.154,1.654,,6.591,11.5400
633,594,19,21,"row 19, pos 21, id 594",0.916,1.416,,6.915,11.5400
634,595,19,22,"row 19, pos 22, id 595",0.830,1.330,,7.241,11.5400
635,596,19,23,"row 19, pos 23, id 596",0.835,1.335,,7.570,11.5400
636,597,19,24,"row 19, pos 24, id 597",0.910,1.410,,7.900,11.5400
637,598,19,25,"row 19, pos 25, id 598",1.120,1.620,,8.233,11.5400
638,599,19,26,"row 19, pos 26, id 599",1.403,1.903,,8.569,11.5400
639,600,19,27,"row 19, pos 27, id 600",1.724,2.224,,8.909,11.5400
640,601,19,28,"row 19, pos 28, id 601",2.026,2.526,,9.252,11.5400
641,602,19,29,"row 19, pos 29, id 602",2.292,2.792,,9.598,11.5400
642,603,19,30,"row 19, pos 30, id 603",2.546,3.046,,9.949,11.5400
643,604,19,31,"row 19, pos 31, id 604",2.841,3.341,,10.304,11.5400
644,,,,"row 19, pos —, id — (after last hang)",,,0.556,,
645,,,,"row 20, pos —, id — (before first hang)",,,0.413,,
646,605,20,0,"row 20, pos 0, id 605",2.696,3.196,,0.000,11.5108
647,606,20,1,"row 20, pos 1, id 606",2.320,2.820,,0.357,11.5108
648,607,20,2,"row 20, pos 2, id 607",1.958,2.458,,0.709,11.5108
649,608,20,3,"row 20, pos 3, id 608",1.579,2.079,,1.058,11.5108
650,609,20,4,"row 20, pos 4, id 609",1.224,1.724,,1.402,11.5108
651,610,20,5,"row 20, pos 5, id 610",0.915,1.415,,1.743,11.5108
652,611,20,6,"row 20, pos 6, id 611",0.655,1.155,,2.080,11.5108
653,612,20,7,"row 20, pos 7, id 612",0.448,0.948,,2.415,11.5108
654,613,20,8,"row 20, pos 8, id 613",0.309,0.809,,2.746,11.5108
655,614,20,9,"row 20, pos 9, id 614",0.265,0.765,,3.075,11.5108
656,615,20,10,"row 20, pos 10, id 615",0.358,0.858,,3.402,11.5108
657,616,20,11,"row 20, pos 11, id 616",0.570,1.070,,3.727,11.5108
658,617,20,12,"row 20, pos 12, id 617",1.016,1.516,,4.050,11.5108
659,618,20,13,"row 20, pos 13, id 618",1.576,2.076,,4.372,11.5108
660,619,20,14,"row 20, pos 14, id 619",2.056,2.556,,4.693,11.5108
661,620,20,15,"row 20, pos 15, id 620",2.262,2.762,,5.014,11.5108
662,621,20,16,"row 20, pos 16, id 621",2.309,2.809,,5.334,11.5108
663,622,20,17,"row 20, pos 17, id 622",2.279,2.779,,5.654,11.5108
664,623,20,18,"row 20, pos 18, id 623",2.130,2.630,,5.974,11.5108
665,624,20,19,"row 20, pos 19, id 624",1.921,2.421,,6.295,11.5108
666,625,20,20,"row 20, pos 20, id 625",1.609,2.109,,6.617,11.5108
667,626,20,21,"row 20, pos 21, id 626",1.350,1.850,,6.940,11.5108
668,627,20,22,"row 20, pos 22, id 627",1.242,1.742,,7.265,11.5108
669,628,20,23,"row 20, pos 23, id 628",1.269,1.769,,7.592,11.5108
670,629,20,24,"row 20, pos 24, id 629",1.310,1.810,,7.921,11.5108
671,630,20,25,"row 20, pos 25, id 630",1.392,1.892,,8.252,11.5108
672,631,20,26,"row 20, pos 26, id 631",1.551,2.051,,8.587,11.5108
673,632,20,27,"row 20, pos 27, id 632",1.768,2.268,,8.924,11.5108
674,633,20,28,"row 20, pos 28, id 633",1.985,2.485,,9.265,11.5108
675,634,20,29,"row 20, pos 29, id 634",2.176,2.676,,9.609,11.5108
676,635,20,30,"row 20, pos 30, id 635",2.359,2.859,,9.957,11.5108
677,636,20,31,"row 20, pos 31, id 636",2.667,3.167,,10.309,11.5108
678,637,20,32,"row 20, pos 32, id 637",3.028,3.528,,10.666,11.5108
679,,,,"row 20, pos —, id — (after last hang)",,,0.431,,
680,,,,"row 21, pos —, id — (before first hang)",,,0.527,,
681,638,21,0,"row 21, pos 0, id 638",2.450,2.950,,0.000,11.5015
682,639,21,1,"row 21, pos 1, id 639",2.093,2.593,,0.356,11.5015
683,640,21,2,"row 21, pos 2, id 640",1.732,2.232,,0.707,11.5015
684,641,21,3,"row 21, pos 3, id 641",1.412,1.912,,1.054,11.5015
685,642,21,4,"row 21, pos 4, id 642",1.123,1.623,,1.397,11.5015
686,643,21,5,"row 21, pos 5, id 643",0.867,1.367,,1.737,11.5015
687,644,21,6,"row 21, pos 6, id 644",0.662,1.162,,2.073,11.5015
688,645,21,7,"row 21, pos 7, id 645",0.502,1.002,,2.407,11.5015
689,646,21,8,"row 21, pos 8, id 646",0.421,0.921,,2.738,11.5015
690,647,21,9,"row 21, pos 9, id 647",0.504,1.004,,3.066,11.5015
691,648,21,10,"row 21, pos 10, id 648",0.751,1.251,,3.392,11.5015
692,649,21,11,"row 21, pos 11, id 649",1.210,1.710,,3.716,11.5015
693,650,21,12,"row 21, pos 12, id 650",1.782,2.282,,4.039,11.5015
694,651,21,13,"row 21, pos 13, id 651",2.215,2.715,,4.361,11.5015
695,652,21,14,"row 21, pos 14, id 652",2.436,2.936,,4.682,11.5015
696,653,21,15,"row 21, pos 15, id 653",2.531,3.031,,5.002,11.5015
697,654,21,16,"row 21, pos 16, id 654",2.438,2.938,,5.322,11.5015
698,655,21,17,"row 21, pos 17, id 655",2.342,2.842,,5.642,11.5015
699,656,21,18,"row 21, pos 18, id 656",2.148,2.648,,5.963,11.5015
700,657,21,19,"row 21, pos 19, id 657",1.917,2.417,,6.284,11.5015
701,658,21,20,"row 21, pos 20, id 658",1.740,2.240,,6.606,11.5015
702,659,21,21,"row 21, pos 21, id 659",1.651,2.151,,6.930,11.5015
703,660,21,22,"row 21, pos 22, id 660",1.717,2.217,,7.255,11.5015
704,661,21,23,"row 21, pos 23, id 661",1.783,2.283,,7.583,11.5015
705,662,21,24,"row 21, pos 24, id 662",1.805,2.305,,7.913,11.5015
706,663,21,25,"row 21, pos 25, id 663",1.831,2.331,,8.245,11.5015
707,664,21,26,"row 21, pos 26, id 664",1.881,2.381,,8.580,11.5015
708,665,21,27,"row 21, pos 27, id 665",1.981,2.481,,8.919,11.5015
709,666,21,28,"row 21, pos 28, id 666",2.096,2.596,,9.260,11.5015
710,667,21,29,"row 21, pos 29, id 667",2.208,2.708,,9.606,11.5015
711,668,21,30,"row 21, pos 30, id 668",2.471,2.971,,9.956,11.5015
712,669,21,31,"row 21, pos 31, id 669",2.854,3.354,,10.310,11.5015
713,,,,"row 21, pos —, id — (after last hang)",,,0.664,,
714,,,,"row 22, pos —, id — (before first hang)",,,0.629,,
715,670,22,0,"row 22, pos 0, id 670",2.188,2.688,,0.000,11.3584
716,671,22,1,"row 22, pos 1, id 671",1.883,2.383,,0.350,11.3584
717,672,22,2,"row 22, pos 2, id 672",1.608,2.108,,0.697,11.3584
718,673,22,3,"row 22, pos 3, id 673",1.347,1.847,,1.040,11.3584
719,674,22,4,"row 22, pos 4, id 674",1.109,1.609,,1.380,11.3584
720,675,22,5,"row 22, pos 5, id 675",0.919,1.419,,1.718,11.3584
721,676,22,6,"row 22, pos 6, id 676",0.784,1.284,,2.053,11.3584
722,677,22,7,"row 22, pos 7, id 677",0.694,1.194,,2.385,11.3584
723,678,22,8,"row 22, pos 8, id 678",0.703,1.203,,2.715,11.3584
724,679,22,9,"row 22, pos 9, id 679",0.859,1.359,,3.043,11.3584
725,680,22,10,"row 22, pos 10, id 680",1.192,1.692,,3.369,11.3584
726,681,22,11,"row 22, pos 11, id 681",1.699,2.199,,3.694,11.3584
727,682,22,12,"row 22, pos 12, id 682",2.062,2.562,,4.017,11.3584
728,683,22,13,"row 22, pos 13, id 683",2.252,2.752,,4.339,11.3584
729,684,22,14,"row 22, pos 14, id 684",2.345,2.845,,4.661,11.3584
730,685,22,15,"row 22, pos 15, id 685",2.358,2.858,,4.981,11.3584
731,686,22,16,"row 22, pos 16, id 686",2.271,2.771,,5.301,11.3584
732,687,22,17,"row 22, pos 17, id 687",2.109,2.609,,5.621,11.3584
733,688,22,18,"row 22, pos 18, id 688",1.919,2.419,,5.942,11.3584
734,689,22,19,"row 22, pos 19, id 689",1.806,2.306,,6.262,11.3584
735,690,22,20,"row 22, pos 20, id 690",1.814,2.314,,6.583,11.3584
736,691,22,21,"row 22, pos 21, id 691",1.933,2.433,,6.905,11.3584
737,692,22,22,"row 22, pos 22, id 692",2.004,2.504,,7.227,11.3584
738,693,22,23,"row 22, pos 23, id 693",2.031,2.531,,7.551,11.3584
739,694,22,24,"row 22, pos 24, id 694",2.012,2.512,,7.876,11.3584
740,695,22,25,"row 22, pos 25, id 695",1.948,2.448,,8.203,11.3584
741,696,22,26,"row 22, pos 26, id 696",1.840,2.340,,8.532,11.3584
742,697,22,27,"row 22, pos 27, id 697",1.843,2.343,,8.863,11.3584
743,698,22,28,"row 22, pos 28, id 698",1.880,2.380,,9.197,11.3584
744,699,22,29,"row 22, pos 29, id 699",1.960,2.460,,9.533,11.3584
745,700,22,30,"row 22, pos 30, id 700",2.113,2.613,,9.872,11.3584
746,701,22,31,"row 22, pos 31, id 701",2.523,3.023,,10.213,11.3584
747,,,,"row 22, pos —, id — (after last hang)",,,0.516,,
748,,,,"row 23, pos —, id — (before first hang)",,,0.389,,
749,702,23,0,"row 23, pos 0, id 702",2.196,2.696,,0.000,11.5259
750,703,23,1,"row 23, pos 1, id 703",1.933,2.433,,0.357,11.5259
751,704,23,2,"row 23, pos 2, id 704",1.664,2.164,,0.710,11.5259
752,705,23,3,"row 23, pos 3, id 705",1.421,1.921,,1.058,11.5259
753,706,23,4,"row 23, pos 4, id 706",1.196,1.696,,1.403,11.5259
754,707,23,5,"row 23, pos 5, id 707",1.014,1.514,,1.744,11.5259
755,708,23,6,"row 23, pos 6, id 708",0.891,1.391,,2.082,11.5259
756,709,23,7,"row 23, pos 7, id 709",0.812,1.312,,2.416,11.5259
757,710,23,8,"row 23, pos 8, id 710",0.782,1.282,,2.748,11.5259
758,711,23,9,"row 23, pos 9, id 711",0.797,1.297,,3.077,11.5259
759,712,23,10,"row 23, pos 10, id 712",0.912,1.412,,3.404,11.5259
760,713,23,11,"row 23, pos 11, id 713",1.254,1.754,,3.729,11.5259
761,714,23,12,"row 23, pos 12, id 714",1.585,2.085,,4.053,11.5259
762,715,23,13,"row 23, pos 13, id 715",1.827,2.327,,4.375,11.5259
763,716,23,14,"row 23, pos 14, id 716",1.956,2.456,,4.696,11.5259
764,717,23,15,"row 23, pos 15, id 717",2.028,2.528,,5.016,11.5259
765,718,23,16,"row 23, pos 16, id 718",1.996,2.496,,5.336,11.5259
766,719,23,17,"row 23, pos 17, id 719",1.907,2.407,,5.656,11.5259
767,720,23,18,"row 23, pos 18, id 720",1.794,2.294,,5.977,11.5259
768,721,23,19,"row 23, pos 19, id 721",1.744,2.244,,6.297,11.5259
769,722,23,20,"row 23, pos 20, id 722",1.843,2.343,,6.619,11.5259
770,723,23,21,"row 23, pos 21, id 723",2.067,2.567,,6.942,11.5259
771,724,23,22,"row 23, pos 22, id 724",2.214,2.714,,7.267,11.5259
772,725,23,23,"row 23, pos 23, id 725",2.301,2.801,,7.593,11.5259
773,726,23,24,"row 23, pos 24, id 726",2.341,2.841,,7.922,11.5259
774,727,23,25,"row 23, pos 25, id 727",2.333,2.833,,8.253,11.5259
775,728,23,26,"row 23, pos 26, id 728",2.194,2.694,,8.587,11.5259
776,729,23,27,"row 23, pos 27, id 729",2.101,2.601,,8.924,11.5259
777,730,23,28,"row 23, pos 28, id 730",2.099,2.599,,9.264,11.5259
778,731,23,29,"row 23, pos 29, id 731",2.160,2.660,,9.608,11.5259
779,732,23,30,"row 23, pos 30, id 732",2.244,2.744,,9.956,11.5259
780,733,23,31,"row 23, pos 31, id 733",2.520,3.020,,10.307,11.5259
781,734,23,32,"row 23, pos 32, id 734",3.029,3.529,,10.664,11.5259
782,,,,"row 23, pos —, id — (after last hang)",,,0.472,,
783,,,,"row 24, pos —, id — (before first hang)",,,0.496,,
784,735,24,0,"row 24, pos 0, id 735",2.022,2.522,,0.000,11.5732
785,736,24,1,"row 24, pos 1, id 736",1.759,2.259,,0.356,11.5732
786,737,24,2,"row 24, pos 2, id 737",1.520,2.020,,0.707,11.5732
787,738,24,3,"row 24, pos 3, id 738",1.294,1.794,,1.054,11.5732
788,739,24,4,"row 24, pos 4, id 739",1.136,1.636,,1.397,11.5732
789,740,24,5,"row 24, pos 5, id 740",1.016,1.516,,1.737,11.5732
790,741,24,6,"row 24, pos 6, id 741",0.935,1.435,,2.074,11.5732
791,742,24,7,"row 24, pos 7, id 742",0.886,1.386,,2.408,11.5732
792,743,24,8,"row 24, pos 8, id 743",0.866,1.366,,2.739,11.5732
793,744,24,9,"row 24, pos 9, id 744",0.865,1.365,,3.067,11.5732
794,745,24,10,"row 24, pos 10, id 745",0.953,1.453,,3.394,11.5732
795,746,24,11,"row 24, pos 11, id 746",1.160,1.660,,3.718,11.5732
796,747,24,12,"row 24, pos 12, id 747",1.369,1.869,,4.041,11.5732
797,748,24,13,"row 24, pos 13, id 748",1.513,2.013,,4.363,11.5732
798,749,24,14,"row 24, pos 14, id 749",1.582,2.082,,4.684,11.5732
799,750,24,15,"row 24, pos 15, id 750",1.589,2.089,,5.004,11.5732
800,751,24,16,"row 24, pos 16, id 751",1.536,2.036,,5.324,11.5732
801,752,24,17,"row 24, pos 17, id 752",1.455,1.955,,5.644,11.5732
802,753,24,18,"row 24, pos 18, id 753",1.379,1.879,,5.965,11.5732
803,754,24,19,"row 24, pos 19, id 754",1.607,2.107,,6.286,11.5732
804,755,24,20,"row 24, pos 20, id 755",1.895,2.395,,6.608,11.5732
805,756,24,21,"row 24, pos 21, id 756",2.152,2.652,,6.931,11.5732
806,757,24,22,"row 24, pos 22, id 757",2.275,2.775,,7.256,11.5732
807,758,24,23,"row 24, pos 23, id 758",2.337,2.837,,7.583,11.5732
808,759,24,24,"row 24, pos 24, id 759",2.337,2.837,,7.912,11.5732
809,760,24,25,"row 24, pos 25, id 760",2.234,2.734,,8.243,11.5732
810,761,24,26,"row 24, pos 26, id 761",2.100,2.600,,8.578,11.5732
811,762,24,27,"row 24, pos 27, id 762",2.011,2.511,,8.915,11.5732
812,763,24,28,"row 24, pos 28, id 763",2.052,2.552,,9.256,11.5732
813,764,24,29,"row 24, pos 29, id 764",2.160,2.660,,9.600,11.5732
814,765,24,30,"row 24, pos 30, id 765",2.268,2.768,,9.948,11.5732
815,766,24,31,"row 24, pos 31, id 766",2.531,3.031,,10.300,11.5732
816,767,24,32,"row 24, pos 32, id 767",3.118,3.618,,10.656,11.5732
817,,,,"row 24, pos —, id — (after last hang)",,,0.420,,
818,,,,"row 25, pos —, id — (before first hang)",,,0.601,,
819,768,25,0,"row 25, pos 0, id 768",1.911,2.411,,0.000,11.6195
820,769,25,1,"row 25, pos 1, id 769",1.655,2.155,,0.354,11.6195
821,770,25,2,"row 25, pos 2, id 770",1.423,1.923,,0.704,11.6195
822,771,25,3,"row 25, pos 3, id 771",1.241,1.741,,1.050,11.6195
823,772,25,4,"row 25, pos 4, id 772",1.105,1.605,,1.392,11.6195
824,773,25,5,"row 25, pos 5, id 773",1.008,1.508,,1.731,11.6195
825,774,25,6,"row 25, pos 6, id 774",0.943,1.443,,2.066,11.6195
826,775,25,7,"row 25, pos 7, id 775",0.913,1.413,,2.399,11.6195
827,776,25,8,"row 25, pos 8, id 776",0.893,1.393,,2.729,11.6195
828,777,25,9,"row 25, pos 9, id 777",0.908,1.408,,3.057,11.6195
829,778,25,10,"row 25, pos 10, id 778",0.967,1.467,,3.383,11.6195
830,779,25,11,"row 25, pos 11, id 779",1.086,1.586,,3.707,11.6195
831,780,25,12,"row 25, pos 12, id 780",1.155,1.655,,4.030,11.6195
832,781,25,13,"row 25, pos 13, id 781",1.161,1.661,,4.352,11.6195
833,782,25,14,"row 25, pos 14, id 782",1.128,1.628,,4.672,11.6195
834,783,25,15,"row 25, pos 15, id 783",1.053,1.553,,4.993,11.6195
835,784,25,16,"row 25, pos 16, id 784",0.955,1.455,,5.313,11.6195
836,785,25,17,"row 25, pos 17, id 785",0.867,1.367,,5.633,11.6195
837,786,25,18,"row 25, pos 18, id 786",1.005,1.505,,5.953,11.6195
838,787,25,19,"row 25, pos 19, id 787",1.356,1.856,,6.274,11.6195
839,788,25,20,"row 25, pos 20, id 788",1.809,2.309,,6.597,11.6195
840,789,25,21,"row 25, pos 21, id 789",2.090,2.590,,6.920,11.6195
841,790,25,22,"row 25, pos 22, id 790",2.193,2.693,,7.246,11.6195
842,791,25,23,"row 25, pos 23, id 791",2.215,2.715,,7.573,11.6195
843,792,25,24,"row 25, pos 24, id 792",2.152,2.652,,7.902,11.6195
844,793,25,25,"row 25, pos 25, id 793",2.022,2.522,,8.234,11.6195
845,794,25,26,"row 25, pos 26, id 794",1.867,2.367,,8.569,11.6195
846,795,25,27,"row 25, pos 27, id 795",1.868,2.368,,8.906,11.6195
847,796,25,28,"row 25, pos 28, id 796",1.986,2.486,,9.247,11.6195
848,797,25,29,"row 25, pos 29, id 797",2.112,2.612,,9.592,11.6195
849,798,25,30,"row 25, pos 30, id 798",2.262,2.762,,9.940,11.6195
850,799,25,31,"row 25, pos 31, id 799",2.620,3.120,,10.293,11.6195
851,800,25,32,"row 25, pos 32, id 800",3.268,3.768,,10.650,11.6195
852,,,,"row 25, pos —, id — (after last hang)",,,0.368,,
853,,,,"row 26, pos —, id — (before first hang)",,,0.703,,
854,801,26,0,"row 26, pos 0, id 801",1.730,2.230,,0.000,11.6642
855,802,26,1,"row 26, pos 1, id 802",1.461,1.961,,0.353,11.6642
856,803,26,2,"row 26, pos 2, id 803",1.234,1.734,,0.701,11.6642
857,804,26,3,"row 26, pos 3, id 804",1.062,1.562,,1.046,11.6642
858,805,26,4,"row 26, pos 4, id 805",0.956,1.456,,1.387,11.6642
859,806,26,5,"row 26, pos 5, id 806",0.892,1.392,,1.725,11.6642
860,807,26,6,"row 26, pos 6, id 807",0.849,1.349,,2.060,11.6642
861,808,26,7,"row 26, pos 7, id 808",0.831,1.331,,2.392,11.6642
862,809,26,8,"row 26, pos 8, id 809",0.829,1.329,,2.721,11.6642
863,810,26,9,"row 26, pos 9, id 810",0.870,1.370,,3.048,11.6642
864,811,26,10,"row 26, pos 10, id 811",0.972,1.472,,3.374,11.6642
865,812,26,11,"row 26, pos 11, id 812",1.041,1.541,,3.697,11.6642
866,813,26,12,"row 26, pos 12, id 813",1.038,1.538,,4.020,11.6642
867,814,26,13,"row 26, pos 13, id 814",0.972,1.472,,4.341,11.6642
868,815,26,14,"row 26, pos 14, id 815",0.834,1.334,,4.662,11.6642
869,816,26,15,"row 26, pos 15, id 816",0.698,1.198,,4.982,11.6642
870,817,26,16,"row 26, pos 16, id 817",0.616,1.116,,5.302,11.6642
871,818,26,17,"row 26, pos 17, id 818",0.607,1.107,,5.622,11.6642
872,819,26,18,"row 26, pos 18, id 819",0.811,1.311,,5.943,11.6642
873,820,26,19,"row 26, pos 19, id 820",1.122,1.622,,6.264,11.6642
874,821,26,20,"row 26, pos 20, id 821",1.577,2.077,,6.587,11.6642
875,822,26,21,"row 26, pos 21, id 822",1.774,2.274,,6.911,11.6642
876,823,26,22,"row 26, pos 22, id 823",1.891,2.391,,7.236,11.6642
877,824,26,23,"row 26, pos 23, id 824",1.886,2.386,,7.564,11.6642
878,825,26,24,"row 26, pos 24, id 825",1.800,2.300,,7.893,11.6642
879,826,26,25,"row 26, pos 25, id 826",1.642,2.142,,8.226,11.6642
880,827,26,26,"row 26, pos 26, id 827",1.601,2.101,,8.561,11.6642
881,828,26,27,"row 26, pos 27, id 828",1.698,2.198,,8.899,11.6642
882,829,26,28,"row 26, pos 28, id 829",1.882,2.382,,9.240,11.6642
883,830,26,29,"row 26, pos 29, id 830",2.068,2.568,,9.585,11.6642
884,831,26,30,"row 26, pos 30, id 831",2.254,2.754,,9.934,11.6642
885,832,26,31,"row 26, pos 31, id 832",2.728,3.228,,10.287,11.6642
886,,,,"row 26, pos —, id — (after last hang)",,,0.673,,
887,,,,"row 27, pos —, id — (before first hang)",,,0.471,,
888,833,27,0,"row 27, pos 0, id 833",1.817,2.317,,0.000,11.7279
889,834,27,1,"row 27, pos 1, id 834",1.492,1.992,,0.355,11.7279
890,835,27,2,"row 27, pos 2, id 835",1.206,1.706,,0.706,11.7279
891,836,27,3,"row 27, pos 3, id 836",0.955,1.455,,1.053,11.7279
892,837,27,4,"row 27, pos 4, id 837",0.797,1.297,,1.396,11.7279
893,838,27,5,"row 27, pos 5, id 838",0.698,1.198,,1.736,11.7279
894,839,27,6,"row 27, pos 6, id 839",0.647,1.147,,2.073,11.7279
895,840,27,7,"row 27, pos 7, id 840",0.623,1.123,,2.406,11.7279
896,841,27,8,"row 27, pos 8, id 841",0.619,1.119,,2.737,11.7279
897,842,27,9,"row 27, pos 9, id 842",0.637,1.137,,3.066,11.7279
898,843,27,10,"row 27, pos 10, id 843",0.699,1.199,,3.393,11.7279
899,844,27,11,"row 27, pos 11, id 844",0.801,1.301,,3.718,11.7279
900,845,27,12,"row 27, pos 12, id 845",0.884,1.384,,4.041,11.7279
901,846,27,13,"row 27, pos 13, id 846",0.872,1.372,,4.363,11.7279
902,847,27,14,"row 27, pos 14, id 847",0.723,1.223,,4.684,11.7279
903,848,27,15,"row 27, pos 15, id 848",0.511,1.011,,5.005,11.7279
904,849,27,16,"row 27, pos 16, id 849",0.379,0.879,,5.325,11.7279
905,850,27,17,"row 27, pos 17, id 850",0.327,0.827,,5.645,11.7279
906,851,27,18,"row 27, pos 18, id 851",0.415,0.915,,5.965,11.7279
907,852,27,19,"row 27, pos 19, id 852",0.579,1.079,,6.286,11.7279
908,853,27,20,"row 27, pos 20, id 853",0.902,1.402,,6.607,11.7279
909,854,27,21,"row 27, pos 21, id 854",1.182,1.682,,6.930,11.7279
910,855,27,22,"row 27, pos 22, id 855",1.378,1.878,,7.254,11.7279
911,856,27,23,"row 27, pos 23, id 856",1.441,1.941,,7.580,11.7279
912,857,27,24,"row 27, pos 24, id 857",1.396,1.896,,7.908,11.7279
913,858,27,25,"row 27, pos 25, id 858",1.276,1.776,,8.238,11.7279
914,859,27,26,"row 27, pos 26, id 859",1.216,1.716,,8.570,11.7279
915,860,27,27,"row 27, pos 27, id 860",1.273,1.773,,8.906,11.7279
916,861,27,28,"row 27, pos 28, id 861",1.462,1.962,,9.244,11.7279
917,862,27,29,"row 27, pos 29, id 862",1.751,2.251,,9.586,11.7279
918,863,27,30,"row 27, pos 30, id 863",2.016,2.516,,9.932,11.7279
919,864,27,31,"row 27, pos 31, id 864",2.320,2.820,,10.281,11.7279
920,865,27,32,"row 27, pos 32, id 865",2.829,3.329,,10.634,11.7279
921,,,,"row 27, pos —, id — (after last hang)",,,0.622,,
922,Extra,,,,,10 x 12 m,,,
923,Extra,,,,,50 x 3 m,,,
924,,,,,,,,,